player_id,direction,gap,origin_league,origin_year,age,position,height_cm,included_100,fga_min_side,games_played,minutes_per_game,fga_per_game,efg_pct,three_pt_pct,points_per_game,turnovers_per_game,ft_attempts_total,fga_total,prior_fga_per_game,prior_efg_pct,prior_three_pt_pct,prior_minutes_per_game,has_prior_season
11,EL_to_NBA,1,EuroLeague,2014,27,Forward,205.0,False,96,24.0,21.791,7.9,0.5,27.54,10.0,1.2,64.0,189.0,5.3,0.5157,31.43,14.2472,True
11,EL_to_NBA,0,EuroLeague,2015,27,Forward,205.0,True,194,23.0,21.2529,9.1,0.5548,37.66,12.0,1.7,52.0,210.0,7.9,0.5,27.54,21.791,True
11,NBA_to_EL,0,NBA,2016,28,Forward,205.0,True,114,68.0,14.94,5.43,0.5014,32.1,6.25,0.75,68.0,369.0,,,,,False
11,NBA_to_EL,0,NBA,2017,29,Forward,205.0,False,2,1.0,2.0,2.0,0.0,0.0,0.0,0.0,0.0,2.0,5.43,0.5014,32.1,14.94,True
12,EL_to_NBA,1,EuroLeague,2002,22,Guard,191.0,False,0,20.0,24.3,5.9,0.4958,26.92,8.4,1.9,62.0,118.0,8.2,0.5382,33.93,27.3377,True
12,NBA_to_EL,1,NBA,2015,35,Guard,191.0,False,56,8.0,15.0,5.75,0.4783,36.4,5.88,1.38,3.0,46.0,6.39,0.5129,26.8,18.91,True
12,NBA_to_EL,0,NBA,2016,35,Guard,191.0,False,56,39.0,14.36,5.05,0.4949,34.4,5.82,0.92,34.0,197.0,5.75,0.4783,36.4,15.0,True
19,EL_to_NBA,1,EuroLeague,2012,25,Forward,196.0,False,30,22.0,16.3439,4.2,0.4194,12.9,4.5,0.7,27.0,93.0,,,,,False
19,EL_to_NBA,0,EuroLeague,2013,25,Forward,196.0,False,30,22.0,22.878,9.1,0.4826,35.44,10.9,1.2,64.0,201.0,4.2,0.4194,12.9,16.3439,True
19,NBA_to_EL,0,NBA,2014,26,Forward,196.0,False,30,6.0,2.17,1.33,0.25,0.0,1.0,0.0,3.0,8.0,,,,,False
23,NBA_to_EL,1,NBA,2015,31,Center,203.0,False,34,33.0,8.39,1.88,0.5403,34.0,2.27,0.39,8.0,62.0,3.87,0.5837,40.6,15.4,True
23,NBA_to_EL,0,NBA,2016,31,Center,203.0,False,34,45.0,6.98,1.96,0.4659,31.3,1.82,0.2,0.0,88.0,1.88,0.5403,34.0,8.39,True
59,NBA_to_EL,1,NBA,2011,24,Guard,191.0,False,51,51.0,17.51,5.71,0.4519,15.0,5.82,1.18,39.0,291.0,,,,,False
59,NBA_to_EL,0,NBA,2012,24,Guard,191.0,False,51,47.0,6.19,1.77,0.4277,50.0,1.72,0.4,18.0,83.0,5.71,0.4519,15.0,17.51,True
64,EL_to_NBA,1,EuroLeague,2013,26,Center,218.0,False,25,24.0,21.0569,8.4,0.5572,,12.0,1.6,73.0,201.0,3.3,0.6131,33.33,14.204,True
64,EL_to_NBA,0,EuroLeague,2014,26,Center,218.0,False,25,25.0,13.0947,3.6,0.5899,50.0,5.3,0.8,33.0,89.0,8.4,0.5572,,21.0569,True
64,NBA_to_EL,0,NBA,2015,27,Center,218.0,False,25,12.0,6.83,2.08,0.44,0.0,2.0,0.67,2.0,25.0,,,,,False
75,EL_to_NBA,1,EuroLeague,2011,31,Center,211.0,False,95,22.0,18.7167,6.4,0.4107,25.0,7.2,1.0,57.0,140.0,,,,,False
75,EL_to_NBA,0,EuroLeague,2012,31,Center,211.0,True,136,31.0,18.1457,5.8,0.4365,26.09,6.0,0.9,44.0,181.0,6.4,0.4107,25.0,18.7167,True
75,NBA_to_EL,1,NBA,2013,33,Center,211.0,True,128,50.0,18.5,5.88,0.5136,32.7,7.04,1.1,66.0,294.0,,,,,False
75,NBA_to_EL,0,NBA,2014,33,Center,211.0,True,128,63.0,16.46,4.7,0.4527,30.1,5.65,0.78,123.0,296.0,5.88,0.5136,32.7,18.5,True
85,EL_to_NBA,1,EuroLeague,2017,24,Guard,196.0,True,157,36.0,16.5718,4.5,0.6615,44.58,6.7,1.1,32.0,161.0,6.0,0.4713,30.43,18.7966,True
85,EL_to_NBA,0,EuroLeague,2018,24,Guard,196.0,True,157,36.0,22.1106,5.7,0.6748,47.71,9.4,1.2,70.0,206.0,4.5,0.6615,44.58,16.5718,True
85,NBA_to_EL,0,NBA,2019,25,Guard,196.0,True,157,44.0,11.0,3.57,0.4745,30.1,3.93,0.82,26.0,157.0,,,,,False
92,EL_to_NBA,1,EuroLeague,2013,32,Guard,190.0,True,138,29.0,21.4988,6.5,0.5588,33.78,8.2,1.7,37.0,187.0,6.9,0.4977,34.65,20.4995,True
92,EL_to_NBA,0,EuroLeague,2014,32,Guard,190.0,True,168,28.0,22.0685,7.1,0.4701,36.49,7.6,2.0,30.0,201.0,6.5,0.5588,33.78,21.4988,True
92,NBA_to_EL,1,NBA,2015,34,Guard,190.0,True,140,53.0,16.4,4.34,0.4565,26.2,4.47,1.51,29.0,230.0,,,,,False
92,NBA_to_EL,0,NBA,2016,34,Guard,190.0,False,68,23.0,10.3,2.96,0.3971,21.1,2.74,0.83,17.0,68.0,4.34,0.4565,26.2,16.4,True
101,NBA_to_EL,1,NBA,2015,26,Forward,198.0,False,17,7.0,11.71,3.71,0.4808,27.3,5.29,0.86,15.0,26.0,,,,,False
101,NBA_to_EL,0,NBA,2016,26,Forward,198.0,False,17,37.0,10.38,4.05,0.4467,35.3,4.35,0.38,34.0,150.0,3.71,0.4808,27.3,11.71,True
101,EL_to_NBA,0,EuroLeague,2017,27,Forward,198.0,False,17,3.0,,,0.2647,16.67,,,7.0,17.0,,,,,False
102,EL_to_NBA,1,EuroLeague,2017,28,Forward,205.0,True,219,36.0,26.4625,6.1,0.5799,43.04,8.9,1.1,82.0,219.0,8.5,0.5725,43.37,29.2239,True
102,EL_to_NBA,0,EuroLeague,2018,28,Forward,205.0,True,214,36.0,25.9537,6.0,0.521,38.54,7.3,1.0,49.0,214.0,6.1,0.5799,43.04,26.4625,True
102,NBA_to_EL,1,NBA,2019,30,Forward,205.0,True,197,60.0,17.37,5.38,0.5279,33.5,6.58,0.77,73.0,323.0,,,,,False
102,NBA_to_EL,0,NBA,2020,30,Forward,205.0,True,141,22.0,10.95,2.68,0.3136,18.9,1.95,0.32,7.0,59.0,5.38,0.5279,33.5,17.37,True
126,EL_to_NBA,1,EuroLeague,2018,29,Guard,181.0,True,231,34.0,23.6127,6.8,0.4784,37.39,8.7,2.1,84.0,231.0,6.7,0.4975,37.61,23.1144,True
126,EL_to_NBA,0,EuroLeague,2019,29,Guard,181.0,True,201,28.0,23.8952,7.1,0.49,30.97,9.9,2.6,92.0,201.0,6.8,0.4784,37.39,23.6127,True
126,EL_to_NBA,0,EuroLeague,2020,30,Guard,181.0,False,79,10.0,,,0.4684,27.45,,,23.0,79.0,7.1,0.49,30.97,23.8952,True
126,NBA_to_EL,0,NBA,2021,31,Guard,181.0,False,94,65.0,18.22,4.55,0.4595,30.1,5.11,1.03,78.0,296.0,4.85,0.5016,35.2,21.92,True
126,NBA_to_EL,0,NBA,2022,32,Guard,181.0,False,13,8.0,6.5,1.62,0.3462,27.3,1.25,0.38,2.0,13.0,4.55,0.4595,30.1,18.22,True
132,EL_to_NBA,1,EuroLeague,2016,19,Guard,199.0,True,191,35.0,19.8924,5.6,0.5332,37.14,7.8,1.8,77.0,196.0,,0.5,31.25,,True
132,EL_to_NBA,0,EuroLeague,2017,19,Guard,199.0,True,346,33.0,25.947,10.4,0.5332,32.95,16.0,2.3,196.0,346.0,5.6,0.5332,37.14,19.8924,True
134,NBA_to_EL,1,NBA,2013,25,Center,213.0,False,13,21.0,4.38,0.62,0.3846,0.0,0.71,0.48,11.0,13.0,,,,,False
134,NBA_to_EL,0,NBA,2014,25,Center,213.0,False,12,16.0,4.5,0.75,0.6667,0.0,1.25,0.31,4.0,12.0,0.62,0.3846,0.0,4.38,True
138,EL_to_NBA,0,EuroLeague,2012,22,Guard,192.0,False,39,10.0,,,0.4286,34.29,,,20.0,98.0,,,,,False
138,NBA_to_EL,0,NBA,2013,23,Guard,192.0,False,24,24.0,5.92,1.62,0.2436,16.7,1.08,0.54,8.0,39.0,,,,,False
159,EL_to_NBA,1,EuroLeague,2021,29,Guard,196.0,True,370,34.0,30.2054,13.2,0.5457,33.93,18.2,2.9,151.0,449.0,11.4,0.5713,38.86,29.9921,True
159,EL_to_NBA,0,EuroLeague,2022,29,Guard,196.0,True,370,31.0,31.2866,12.0,0.5365,35.71,16.0,2.7,115.0,370.0,13.2,0.5457,33.93,30.2054,True
159,NBA_to_EL,1,NBA,2023,31,Guard,196.0,True,370,30.0,12.03,3.03,0.467,24.4,3.3,0.97,19.0,91.0,,,,,False
159,NBA_to_EL,0,NBA,2024,31,Guard,196.0,True,273,36.0,21.22,7.58,0.4304,36.0,7.47,2.06,41.0,273.0,3.03,0.467,24.4,12.03,True
190,EL_to_NBA,1,EuroLeague,2016,20,Forward,206.0,False,2,1.0,,,0.5,,,,0.0,2.0,,,,,False
190,EL_to_NBA,0,EuroLeague,2017,20,Forward,206.0,False,2,4.0,,,,,,,0.0,2.0,,0.5,,,True
203,EL_to_NBA,1,EuroLeague,2009,21,Center,213.0,False,41,22.0,24.7515,5.5,0.6,40.0,8.4,1.4,64.0,120.0,3.5,0.5259,5.56,19.9284,True
203,EL_to_NBA,0,EuroLeague,2010,21,Center,213.0,False,44,15.0,27.0289,7.4,0.5818,35.71,10.1,1.6,54.0,110.0,5.5,0.6,40.0,24.7515,True
203,NBA_to_EL,1,NBA,2012,24,Center,213.0,False,51,51.0,11.78,2.24,0.5,0.0,2.47,0.53,39.0,114.0,3.82,0.5367,0.0,18.91,True
203,NBA_to_EL,0,NBA,2013,24,Center,213.0,False,51,33.0,14.24,2.79,0.5217,0.0,3.15,0.67,30.0,92.0,2.24,0.5,0.0,11.78,True
209,EL_to_NBA,1,EuroLeague,2016,29,Guard,192.0,False,47,32.0,16.0688,4.3,0.5846,50.0,6.4,0.8,55.0,136.0,,,,,False
209,EL_to_NBA,0,EuroLeague,2017,29,Guard,192.0,False,47,28.0,18.3899,5.5,0.5609,40.91,7.1,0.5,28.0,156.0,4.3,0.5846,50.0,16.0688,True
209,NBA_to_EL,0,NBA,2018,30,Guard,192.0,False,47,12.0,13.92,3.92,0.3617,29.4,2.83,0.17,0.0,47.0,,,,,False
212,EL_to_NBA,1,EuroLeague,2020,27,Guard,203.0,True,248,29.0,23.4236,8.6,0.5565,38.83,10.6,1.6,35.0,248.0,,,,,False
212,EL_to_NBA,0,EuroLeague,2021,27,Guard,203.0,True,283,31.0,26.4581,9.1,0.5177,40.16,11.0,1.7,56.0,283.0,8.6,0.5565,38.83,23.4236,True
217,EL_to_NBA,0,EuroLeague,2011,21,Center,206.0,False,22,9.0,,,0.4839,28.57,,,22.0,62.0,,,,,False
217,NBA_to_EL,1,NBA,2012,23,Center,206.0,False,22,19.0,4.89,1.21,0.4565,50.0,1.58,0.58,16.0,23.0,,,,,False
217,NBA_to_EL,0,NBA,2013,23,Center,206.0,False,28,17.0,8.12,1.41,0.4583,0.0,1.47,0.65,8.0,24.0,1.21,0.4565,50.0,4.89,True
222,NBA_to_EL,0,NBA,2023,25,Guard,196.0,False,23,23.0,11.65,3.65,0.4524,27.3,3.48,0.43,5.0,84.0,,,,,False
257,NBA_to_EL,1,NBA,1998,31,Forward,206.0,False,0,5.0,8.8,2.6,0.3077,0.0,1.8,1.4,2.0,13.0,,,,,False
257,NBA_to_EL,0,NBA,1999,31,Forward,206.0,False,0,49.0,7.69,1.96,0.3021,0.0,1.65,0.49,32.0,96.0,2.6,0.3077,0.0,8.8,True
260,NBA_to_EL,1,NBA,1998,25,Center,216.0,False,0,16.0,2.62,1.5,0.375,0.0,1.5,0.56,12.0,24.0,,,,,False
260,EL_to_NBA,0,EuroLeague,2000,26,Center,216.0,False,0,4.0,,,0.3415,,,,8.0,41.0,,,,,False
264,NBA_to_EL,1,NBA,1998,34,Guard,190.0,False,0,29.0,28.1,5.86,0.4794,36.2,6.9,2.17,47.0,170.0,,,,,False
264,NBA_to_EL,0,NBA,1999,34,Guard,190.0,False,0,23.0,10.78,2.7,0.4597,37.9,2.87,0.61,13.0,62.0,5.86,0.4794,36.2,28.1,True
277,EL_to_NBA,1,EuroLeague,2000,24,Guard,191.0,False,0,11.0,29.8121,10.9,0.4583,22.22,12.9,1.5,49.0,120.0,,,,,False
277,EL_to_NBA,0,EuroLeague,2001,24,Guard,191.0,False,0,14.0,30.8095,12.8,0.5335,34.55,17.7,3.0,87.0,179.0,10.9,0.4583,22.22,29.8121,True
301,EL_to_NBA,0,EuroLeague,2000,32,Center,208.0,False,0,22.0,30.0015,9.9,0.5599,25.0,13.5,2.1,73.0,217.0,,,,,False
301,NBA_to_EL,0,NBA,2001,33,Center,208.0,False,0,15.0,6.47,3.4,0.3529,0.0,2.67,0.33,8.0,51.0,,,,,False
303,EL_to_NBA,1,EuroLeague,2007,29,Center,212.0,True,234,25.0,24.4787,9.5,0.5649,54.17,12.8,1.2,59.0,239.0,7.5,0.5106,48.65,22.39,True
303,EL_to_NBA,0,EuroLeague,2008,29,Center,212.0,True,113,23.0,21.0442,8.7,0.5603,40.38,11.1,1.4,40.0,199.0,9.5,0.5649,54.17,24.4787,True
303,NBA_to_EL,1,NBA,2009,31,Center,212.0,True,144,63.0,14.14,5.4,0.4721,34.6,5.83,0.59,67.0,340.0,,,,,False
303,NBA_to_EL,0,NBA,2010,31,Center,212.0,True,121,11.0,13.64,4.27,0.5213,30.0,5.09,0.73,7.0,47.0,5.4,0.4721,34.6,14.14,True
319,EL_to_NBA,1,EuroLeague,2000,25,Forward,204.0,False,0,10.0,28.5983,13.2,0.5114,30.0,16.1,2.7,34.0,132.0,,,,,False
319,NBA_to_EL,0,NBA,2002,26,Forward,204.0,False,0,75.0,16.64,6.23,0.4411,22.2,6.41,0.92,88.0,467.0,,,,,False
330,EL_to_NBA,0,EuroLeague,2000,22,Center,216.0,False,0,14.0,21.1762,5.0,0.7143,,8.9,1.1,48.0,70.0,,,,,False
330,NBA_to_EL,1,NBA,2006,29,Center,216.0,False,0,58.0,14.45,4.72,0.4471,33.3,4.97,0.66,68.0,274.0,10.01,0.5171,0.0,27.41,True
330,NBA_to_EL,0,NBA,2007,29,Center,216.0,False,25,20.0,13.35,2.15,0.3953,0.0,1.85,0.75,5.0,43.0,4.72,0.4471,33.3,14.45,True
330,EL_to_NBA,0,EuroLeague,2008,30,Center,216.0,False,25,14.0,18.944,7.5,0.5476,25.0,9.4,1.1,26.0,105.0,,,,,False
334,NBA_to_EL,0,NBA,1999,26,Guard,191.0,False,0,6.0,7.5,2.33,0.2857,0.0,1.67,0.5,2.0,14.0,,,,,False
343,NBA_to_EL,1,NBA,1998,32,Center,211.0,False,0,7.0,5.0,1.86,0.2308,0.0,1.14,0.43,2.0,13.0,3.44,0.4516,0.0,11.61,True
343,NBA_to_EL,0,NBA,1999,32,Center,211.0,False,0,3.0,3.0,0.67,0.5,0.0,0.67,0.0,0.0,2.0,1.86,0.2308,0.0,5.0,True
372,EL_to_NBA,1,EuroLeague,2004,29,Forward,205.0,False,0,13.0,32.9231,10.6,0.471,34.78,14.0,1.8,65.0,138.0,10.1,0.5884,40.98,28.3194,True
372,EL_to_NBA,0,EuroLeague,2005,29,Forward,205.0,False,0,18.0,35.1667,11.5,0.5169,39.64,14.9,2.1,70.0,207.0,10.6,0.471,34.78,32.9231,True
372,NBA_to_EL,1,NBA,2007,32,Forward,205.0,False,25,7.0,10.57,3.57,0.44,37.5,3.14,0.14,0.0,25.0,7.9,0.482,34.2,28.49,True
380,EL_to_NBA,1,EuroLeague,2000,25,Forward,201.0,False,0,6.0,,,0.2609,12.9,,,33.0,69.0,,,,,False
380,EL_to_NBA,0,EuroLeague,2001,25,Forward,201.0,False,0,18.0,34.2972,15.7,0.5833,37.35,22.9,2.3,104.0,282.0,,0.2609,12.9,,True
380,NBA_to_EL,1,NBA,2006,31,Forward,201.0,False,0,61.0,19.48,6.25,0.5302,42.6,7.79,1.05,87.0,381.0,10.35,0.4569,30.5,25.84,True
380,NBA_to_EL,0,NBA,2007,31,Forward,201.0,False,36,22.0,12.68,4.64,0.4608,35.3,4.32,0.95,1.0,102.0,6.25,0.5302,42.6,19.48,True
396,EL_to_NBA,1,EuroLeague,2000,24,Guard,201.0,False,0,22.0,28.6939,8.2,0.4861,30.91,10.4,2.6,76.0,180.0,,,,,False
396,EL_to_NBA,0,EuroLeague,2001,24,Guard,201.0,False,0,21.0,28.2008,10.5,0.525,26.76,13.2,2.0,79.0,220.0,8.2,0.4861,30.91,28.6939,True
396,NBA_to_EL,1,NBA,2007,31,Guard,201.0,False,52,75.0,29.19,7.04,0.4735,36.2,8.28,1.71,163.0,528.0,4.64,0.4677,37.6,22.21,True
396,NBA_to_EL,0,NBA,2008,31,Guard,201.0,False,52,53.0,11.42,2.74,0.369,39.3,2.57,0.92,41.0,145.0,7.04,0.4735,36.2,29.19,True
397,EL_to_NBA,1,EuroLeague,2003,29,Guard,,False,0,21.0,29.7143,9.5,0.5955,44.76,16.0,2.5,106.0,199.0,9.4,0.5383,37.82,26.4286,True
397,EL_to_NBA,0,EuroLeague,2004,29,Guard,,False,0,24.0,31.7083,10.2,0.5453,39.86,15.7,3.0,118.0,243.0,9.5,0.5955,44.76,29.7143,True
397,NBA_to_EL,1,NBA,2005,31,Guard,,False,0,75.0,20.76,5.72,0.4965,36.4,7.29,1.55,133.0,429.0,,,,,False
397,NBA_to_EL,0,NBA,2006,31,Guard,,False,0,37.0,17.95,5.97,0.4842,37.2,7.38,1.59,64.0,221.0,5.72,0.4965,36.4,20.76,True
428,EL_to_NBA,1,EuroLeague,2001,23,Guard,182.0,False,0,4.0,,,0.5,30.77,,,12.0,30.0,5.8,0.5855,48.72,22.7038,True
447,NBA_to_EL,1,NBA,1998,23,Forward,199.0,False,0,11.0,4.82,1.82,0.4,0.0,1.45,0.55,0.0,20.0,1.94,0.6328,50.0,4.94,True
455,EL_to_NBA,1,EuroLeague,2000,22,Forward,206.0,False,0,13.0,8.62564,2.8,0.5,42.86,4.0,0.7,25.0,36.0,,,,,False
455,EL_to_NBA,0,EuroLeague,2001,22,Forward,206.0,False,0,21.0,25.4389,9.4,0.5328,33.33,12.4,1.6,63.0,198.0,2.8,0.5,42.86,8.62564,True
455,NBA_to_EL,1,NBA,2007,29,Forward,206.0,False,48,75.0,22.13,8.12,0.4795,35.9,9.84,1.13,196.0,609.0,6.51,0.5697,42.3,20.16,True
461,EL_to_NBA,1,EuroLeague,2003,30,Center,207.0,False,0,18.0,27.3056,9.3,0.631,,13.3,2.0,67.0,168.0,,,,,False
473,EL_to_NBA,1,EuroLeague,2001,21,Guard,199.0,False,0,8.0,,,0.5656,50.0,,,41.0,61.0,,0.2941,,,True
473,EL_to_NBA,0,EuroLeague,2002,21,Guard,199.0,False,0,18.0,22.2222,6.3,0.4649,23.53,7.8,2.1,59.0,114.0,,0.5656,50.0,,True
473,NBA_to_EL,1,NBA,2004,24,Guard,199.0,False,0,43.0,11.98,4.05,0.4914,37.5,5.05,0.95,66.0,174.0,2.63,0.4457,28.1,9.61,True
473,NBA_to_EL,0,NBA,2005,24,Guard,199.0,False,0,56.0,10.64,3.27,0.3962,23.2,3.41,0.77,66.0,183.0,4.05,0.4914,37.5,11.98,True
503,NBA_to_EL,1,NBA,1998,35,Center,211.0,False,0,9.0,9.78,2.22,0.2,0.0,1.67,1.11,18.0,20.0,11.45,0.4405,0.0,31.57,True
544,EL_to_NBA,1,EuroLeague,2000,22,Guard,202.0,False,0,15.0,16.8467,4.8,0.4375,25.0,5.1,0.8,15.0,72.0,,,,,False
544,EL_to_NBA,0,EuroLeague,2001,22,Guard,202.0,False,0,20.0,31.0642,11.7,0.4979,32.43,15.9,2.4,99.0,235.0,4.8,0.4375,25.0,16.8467,True
544,NBA_to_EL,1,NBA,2004,26,Guard,202.0,False,0,55.0,20.49,5.82,0.4781,32.3,7.55,1.05,141.0,320.0,7.56,0.4845,38.1,26.93,True
544,NBA_to_EL,0,NBA,2005,26,Guard,202.0,False,0,58.0,14.93,3.83,0.4189,28.6,4.33,0.71,87.0,222.0,5.82,0.4781,32.3,20.49,True
559,NBA_to_EL,0,NBA,2001,23,Guard,191.0,False,0,5.0,8.2,2.2,0.2727,0.0,1.6,1.0,2.0,11.0,,,,,False
565,EL_to_NBA,0,EuroLeague,2001,23,Guard,188.0,False,0,3.0,,,0.575,20.0,,,6.0,20.0,,,,,False
565,NBA_to_EL,1,NBA,2006,29,Guard,188.0,False,0,72.0,18.11,6.64,0.4393,27.5,7.67,1.25,166.0,478.0,3.14,0.3694,33.3,12.0,True
565,NBA_to_EL,0,NBA,2007,29,Guard,188.0,True,117,62.0,20.47,5.61,0.4928,34.5,6.94,1.24,102.0,348.0,6.64,0.4393,27.5,18.11,True
565,EL_to_NBA,0,EuroLeague,2008,30,Guard,188.0,True,117,15.0,33.6122,12.8,0.4372,29.31,14.6,2.0,60.0,191.0,,,,,False
566,EL_to_NBA,1,EuroLeague,2004,21,Forward,208.0,False,0,11.0,,,0.3977,23.81,,,8.0,44.0,,0.5,,,True
566,EL_to_NBA,0,EuroLeague,2005,21,Forward,208.0,False,0,19.0,20.1974,6.4,0.5455,32.26,7.8,1.5,26.0,121.0,,0.3977,23.81,,True
566,NBA_to_EL,0,NBA,2006,22,Forward,208.0,False,0,30.0,5.67,1.73,0.4231,37.5,1.7,0.5,11.0,52.0,,,,,False
570,EL_to_NBA,1,EuroLeague,2001,18,Center,210.0,False,0,3.0,,,0.5625,50.0,,,0.0,8.0,,,,,False
570,EL_to_NBA,0,EuroLeague,2002,18,Center,210.0,False,0,4.0,,,0.3333,,,,8.0,15.0,,0.5625,50.0,,True
573,EL_to_NBA,1,EuroLeague,2002,22,Forward,209.0,False,0,22.0,13.5455,3.7,0.5,29.41,4.1,1.0,30.0,81.0,,0.55,100.0,,True
573,EL_to_NBA,0,EuroLeague,2003,22,Forward,209.0,False,0,18.0,21.5417,5.4,0.5515,18.75,7.7,1.4,55.0,97.0,3.7,0.5,29.41,13.5455,True
592,NBA_to_EL,0,NBA,2000,30,Guard,188.0,False,0,20.0,10.05,4.0,0.4313,26.5,4.1,0.75,17.0,80.0,,,,,False
592,EL_to_NBA,0,EuroLeague,2001,31,Guard,188.0,False,0,11.0,,,0.4392,29.03,,,20.0,74.0,,,,,False
600,NBA_to_EL,1,NBA,1999,24,Guard,193.0,False,0,16.0,11.56,2.81,0.3556,22.2,2.31,1.0,6.0,45.0,,,,,False
650,EL_to_NBA,1,EuroLeague,2001,22,Forward,211.0,False,0,13.0,18.9692,5.2,0.4853,19.05,6.8,1.2,34.0,68.0,,,,,False
650,EL_to_NBA,0,EuroLeague,2002,22,Forward,211.0,False,0,13.0,26.1538,9.8,0.457,23.81,11.6,2.2,51.0,128.0,5.2,0.4853,19.05,18.9692,True
654,EL_to_NBA,1,EuroLeague,2001,27,Forward,197.0,False,0,4.0,,,0.3333,,,,4.0,21.0,,,,,False
662,EL_to_NBA,1,EuroLeague,2001,21,Guard,203.0,False,0,14.0,21.7583,5.3,0.5467,37.5,6.6,0.8,21.0,75.0,,,,,False
662,EL_to_NBA,0,EuroLeague,2002,21,Guard,203.0,False,0,12.0,24.9167,5.0,0.4915,14.29,5.8,1.8,17.0,59.0,5.3,0.5467,37.5,21.7583,True
667,NBA_to_EL,0,NBA,2000,28,Guard,178.0,False,0,24.0,10.96,3.79,0.3901,16.7,4.42,1.04,39.0,91.0,,,,,False
702,NBA_to_EL,1,NBA,1999,29,Guard,181.0,False,0,12.0,3.0,1.08,0.2692,20.0,0.67,0.25,2.0,13.0,1.67,0.4125,26.3,8.46,True
702,NBA_to_EL,0,NBA,2000,29,Guard,181.0,False,0,10.0,7.6,0.9,0.4444,50.0,0.8,0.6,0.0,9.0,1.08,0.2692,20.0,3.0,True
708,EL_to_NBA,0,EuroLeague,2001,27,Center,216.0,False,0,20.0,26.4225,9.0,0.5525,37.5,14.0,1.8,105.0,181.0,,,,,False
724,EL_to_NBA,1,EuroLeague,2002,21,Center,212.0,False,0,10.0,,,0.4891,,,,53.0,92.0,4.0,0.3846,,19.659,True
724,EL_to_NBA,0,EuroLeague,2003,21,Center,212.0,False,0,9.0,,,0.6,,,,43.0,75.0,,0.4891,,,True
724,NBA_to_EL,1,NBA,2009,28,Center,212.0,False,59,76.0,22.91,7.37,0.5027,20.0,8.41,0.76,106.0,560.0,8.85,0.4693,0.0,24.8,True
724,NBA_to_EL,0,NBA,2010,28,Center,212.0,False,59,47.0,21.66,6.49,0.4984,0.0,7.6,0.7,66.0,305.0,7.37,0.5027,20.0,22.91,True
763,EL_to_NBA,0,EuroLeague,2001,23,Forward,211.0,False,0,20.0,27.18,9.0,0.4889,38.89,12.0,1.6,87.0,180.0,,,,,False
767,EL_to_NBA,1,EuroLeague,2001,19,Center,210.0,False,0,13.0,7.71538,2.3,0.5172,,3.2,0.4,15.0,29.0,,,,,False
767,EL_to_NBA,0,EuroLeague,2002,19,Center,210.0,False,0,14.0,10.7143,3.2,0.4667,,4.4,0.7,32.0,45.0,2.3,0.5172,,7.71538,True
767,NBA_to_EL,0,NBA,2010,27,Center,210.0,False,7,79.0,15.75,2.94,0.4612,0.0,4.42,0.87,179.0,232.0,3.15,0.4878,0.0,13.96,True
767,EL_to_NBA,0,EuroLeague,2011,28,Center,210.0,False,7,4.0,,,0.3889,,,,20.0,18.0,,,,,False
775,NBA_to_EL,1,NBA,1999,26,Guard,198.0,False,0,16.0,11.56,3.56,0.4298,7.1,3.56,0.69,11.0,57.0,0.5,1.0,0.0,1.5,True
775,EL_to_NBA,1,EuroLeague,2004,31,Guard,198.0,False,0,24.0,34.7396,10.8,0.5837,47.62,18.0,1.8,153.0,257.0,9.5,0.602,48.98,35.1429,True
775,EL_to_NBA,0,EuroLeague,2005,31,Guard,198.0,False,0,25.0,35.49,10.8,0.5574,36.54,14.8,2.4,89.0,270.0,10.8,0.5837,47.62,34.7396,True
779,EL_to_NBA,1,EuroLeague,2001,20,Forward,201.0,False,0,2.0,,,,,,,0.0,3.0,,,,,False
779,EL_to_NBA,0,EuroLeague,2002,20,Forward,201.0,False,0,13.0,19.6154,8.3,0.5093,29.41,9.7,1.0,25.0,108.0,,,,,True
779,NBA_to_EL,1,NBA,2011,30,Forward,201.0,False,46,45.0,11.71,2.84,0.457,29.3,2.67,0.44,8.0,128.0,3.5,0.5286,43.8,16.3,True
779,NBA_to_EL,0,NBA,2012,30,Forward,201.0,False,46,39.0,13.54,3.05,0.4286,30.0,2.64,0.36,6.0,119.0,2.84,0.457,29.3,11.71,True
791,EL_to_NBA,1,EuroLeague,2001,21,Forward,199.0,False,0,14.0,19.4619,5.9,0.4458,29.17,6.6,1.6,30.0,83.0,,,,,False
791,EL_to_NBA,0,EuroLeague,2002,21,Forward,199.0,False,0,13.0,26.2308,8.1,0.4952,35.48,9.5,1.2,32.0,105.0,5.9,0.4458,29.17,19.4619,True
800,NBA_to_EL,1,NBA,1999,28,Center,208.0,False,0,40.0,8.88,2.2,0.3977,0.0,2.23,0.25,41.0,88.0,,,,,False
805,NBA_to_EL,0,NBA,2000,24,Guard,192.0,False,0,5.0,6.8,1.4,0.0,0.0,0.0,0.6,0.0,7.0,,,,,False
805,EL_to_NBA,0,EuroLeague,2001,25,Guard,192.0,False,0,19.0,18.007,3.6,0.5,27.27,4.6,1.7,27.0,68.0,,,,,False
805,NBA_to_EL,1,NBA,2002,27,Guard,192.0,False,0,9.0,4.11,0.56,0.0,0.0,0.0,0.22,0.0,5.0,,,,,False
827,NBA_to_EL,1,NBA,1999,31,Center,213.0,False,0,18.0,6.33,1.89,0.4706,0.0,2.06,0.61,8.0,34.0,,,,,False
827,NBA_to_EL,0,NBA,2000,31,Center,213.0,False,0,55.0,14.13,3.38,0.5269,0.0,3.93,1.04,47.0,186.0,1.89,0.4706,0.0,6.33,True
828,NBA_to_EL,0,NBA,2000,28,Center,210.0,False,0,43.0,13.91,2.3,0.3939,0.0,2.4,0.88,33.0,99.0,,,,,False
835,NBA_to_EL,1,NBA,1999,25,Forward,206.0,False,0,7.0,3.57,1.43,0.2,0.0,0.57,0.14,0.0,10.0,,,,,False
843,NBA_to_EL,1,NBA,1999,30,Guard,193.0,False,0,8.0,5.0,2.12,0.3529,28.6,1.62,0.5,2.0,17.0,,,,,False
872,NBA_to_EL,0,NBA,2001,23,Center,213.0,False,0,1.0,6.0,3.0,0.6667,0.0,5.0,1.0,1.0,3.0,,,,,False
877,NBA_to_EL,1,NBA,2000,27,Guard,183.0,False,0,3.0,4.67,1.67,0.0,0.0,0.0,0.67,0.0,5.0,,,,,False
884,NBA_to_EL,0,NBA,2001,24,Center,211.0,False,0,23.0,5.43,0.87,0.4,0.0,1.13,0.48,20.0,20.0,,,,,False
892,NBA_to_EL,0,NBA,2001,24,Guard,196.0,False,0,10.0,4.3,1.9,0.4737,0.0,2.1,0.2,4.0,19.0,,,,,False
892,EL_to_NBA,1,EuroLeague,2002,26,Guard,196.0,False,0,17.0,32.2353,13.3,0.458,35.0,15.1,2.6,73.0,226.0,,,,,False
892,EL_to_NBA,0,EuroLeague,2003,26,Guard,196.0,False,0,20.0,31.775,12.2,0.5943,36.96,17.4,1.6,78.0,244.0,13.3,0.458,35.0,32.2353,True
893,NBA_to_EL,1,NBA,2000,27,Guard,193.0,False,0,33.0,6.27,2.52,0.4458,20.0,2.61,0.36,21.0,83.0,5.75,0.4022,25.0,11.88,True
893,NBA_to_EL,0,NBA,2001,27,Guard,193.0,False,0,25.0,9.92,3.76,0.3191,0.0,2.92,0.52,18.0,94.0,2.52,0.4458,20.0,6.27,True
893,EL_to_NBA,0,EuroLeague,2002,28,Guard,193.0,False,0,17.0,32.8235,11.6,0.5152,33.33,13.9,1.9,61.0,198.0,,,,,False
914,NBA_to_EL,1,NBA,2000,25,Guard,195.0,False,0,47.0,12.19,5.13,0.4647,42.1,5.28,0.62,29.0,241.0,4.44,0.4338,24.1,11.35,True
914,NBA_to_EL,0,NBA,2001,25,Guard,195.0,False,0,63.0,28.1,9.41,0.4494,24.3,9.38,1.0,80.0,593.0,5.13,0.4647,42.1,12.19,True
914,EL_to_NBA,0,EuroLeague,2002,26,Guard,195.0,False,0,16.0,20.9375,8.4,0.5222,37.14,9.2,1.1,8.0,135.0,,,,,False
914,NBA_to_EL,1,NBA,2004,29,Guard,195.0,False,0,64.0,20.48,7.64,0.4172,31.5,6.95,0.55,45.0,489.0,2.55,0.3393,0.0,6.45,True
916,EL_to_NBA,1,EuroLeague,2003,24,Guard,190.0,False,0,19.0,21.5789,4.3,0.5602,40.54,7.2,1.4,53.0,83.0,5.3,0.55,40.62,21.4706,True
916,EL_to_NBA,0,EuroLeague,2004,24,Guard,190.0,False,0,22.0,26.75,7.7,0.5893,42.11,11.6,1.3,69.0,168.0,4.3,0.5602,40.54,21.5789,True
921,NBA_to_EL,1,NBA,2000,31,Forward,208.0,False,0,17.0,8.24,1.71,0.5172,0.0,2.47,0.41,13.0,29.0,5.69,0.4257,0.0,17.04,True
927,NBA_to_EL,1,NBA,2000,35,Forward,208.0,False,0,74.0,22.57,9.91,0.4679,30.4,11.38,1.61,228.0,733.0,10.27,0.4621,30.4,23.13,True
927,NBA_to_EL,0,NBA,2001,35,Forward,208.0,False,0,54.0,15.0,5.43,0.4488,12.5,6.39,1.07,117.0,293.0,9.91,0.4679,30.4,22.57,True
940,NBA_to_EL,1,NBA,2000,26,Guard,192.0,False,0,65.0,17.17,4.82,0.5128,41.1,5.98,0.8,76.0,313.0,4.0,0.475,42.1,14.5,True
940,NBA_to_EL,0,NBA,2001,26,Guard,192.0,False,0,44.0,10.84,4.0,0.4744,36.5,4.75,0.91,46.0,176.0,4.82,0.5128,41.1,17.17,True
943,NBA_to_EL,1,NBA,2000,25,Forward,201.0,False,0,35.0,11.49,3.51,0.4431,36.0,3.54,0.49,21.0,123.0,4.03,0.4111,36.5,12.11,True
943,NBA_to_EL,0,NBA,2001,25,Forward,201.0,False,0,36.0,13.56,3.97,0.458,16.7,4.0,0.89,20.0,143.0,3.51,0.4431,36.0,11.49,True
943,EL_to_NBA,0,EuroLeague,2002,26,Forward,201.0,False,0,20.0,22.5,9.6,0.4763,29.58,11.2,0.7,59.0,190.0,,,,,False
943,NBA_to_EL,1,NBA,2003,28,Forward,201.0,False,0,14.0,4.57,1.43,0.4,40.0,1.14,0.21,0.0,20.0,,,,,False
948,NBA_to_EL,1,NBA,2000,26,Center,211.0,False,0,73.0,13.55,3.79,0.444,0.0,4.37,0.92,90.0,277.0,,,,,False
948,NBA_to_EL,0,NBA,2001,26,Center,211.0,False,0,82.0,16.68,4.68,0.4414,7.7,4.83,0.85,76.0,384.0,3.79,0.444,0.0,13.55,True
951,EL_to_NBA,1,EuroLeague,2003,34,Forward,195.0,False,0,8.0,,,0.4257,27.78,,,19.0,74.0,6.6,0.4812,32.43,23.95,True
955,EL_to_NBA,1,EuroLeague,2005,22,Center,217.0,False,0,13.0,26.2692,7.3,0.5053,,10.4,1.7,58.0,95.0,,0.4318,,,True
955,EL_to_NBA,0,EuroLeague,2006,22,Center,217.0,False,0,20.0,26.3375,7.8,0.5,,10.8,2.0,85.0,156.0,7.3,0.5053,,26.2692,True
964,EL_to_NBA,0,EuroLeague,2002,25,Forward,206.0,False,0,18.0,21.625,10.2,0.4918,28.57,12.8,1.4,59.0,183.0,,,,,False
964,NBA_to_EL,1,NBA,2009,33,Forward,206.0,False,0,75.0,18.8,6.51,0.4949,16.7,7.24,1.08,74.0,488.0,5.94,0.5317,0.0,19.75,True
964,NBA_to_EL,0,NBA,2010,33,Forward,206.0,False,0,10.0,7.1,1.5,0.4667,0.0,1.6,0.4,4.0,15.0,6.51,0.4949,16.7,18.8,True
984,NBA_to_EL,0,NBA,2002,34,Guard,188.0,False,0,28.0,15.71,4.61,0.4031,0.0,5.18,1.43,55.0,129.0,4.25,0.375,25.0,15.88,True
984,NBA_to_EL,0,NBA,2003,35,Guard,188.0,False,0,26.0,8.38,2.0,0.4231,0.0,1.88,0.62,6.0,52.0,4.61,0.4031,0.0,15.71,True
985,NBA_to_EL,1,NBA,2001,24,Guard,198.0,False,0,7.0,4.86,2.0,0.2143,0.0,1.43,0.29,5.0,14.0,,,,,False
985,NBA_to_EL,0,NBA,2002,24,Guard,198.0,False,0,75.0,13.67,2.76,0.3406,29.5,2.59,0.52,78.0,207.0,2.0,0.2143,0.0,4.86,True
988,NBA_to_EL,0,NBA,2002,23,Center,221.0,False,0,26.0,5.31,2.15,0.2857,25.0,1.23,0.35,2.0,56.0,1.82,0.4,0.0,3.86,True
988,EL_to_NBA,0,EuroLeague,2003,24,Center,221.0,False,0,4.0,,,0.8,,,,2.0,5.0,,,,,False
1001,EL_to_NBA,0,EuroLeague,2003,31,Guard,185.0,False,0,10.0,,,0.5109,31.11,,,42.0,92.0,,,,,False
1002,EL_to_NBA,0,EuroLeague,2003,30,Guard,186.0,False,0,12.0,33.75,13.7,0.5732,33.8,20.1,3.1,65.0,164.0,,,,,False
1002,NBA_to_EL,1,NBA,2004,32,Guard,186.0,False,0,15.0,6.93,3.0,0.3333,0.0,2.8,0.47,13.0,45.0,,,,,False
1014,NBA_to_EL,1,NBA,2001,23,Center,215.0,False,0,50.0,12.7,3.56,0.4045,0.0,3.7,0.92,70.0,178.0,1.86,0.2615,0.0,7.4,True
1014,NBA_to_EL,0,NBA,2002,23,Center,215.0,False,0,10.0,7.6,2.6,0.3077,0.0,1.9,0.5,4.0,26.0,3.56,0.4045,0.0,12.7,True
1017,EL_to_NBA,1,EuroLeague,2004,21,Forward,213.0,False,0,12.0,,,0.5833,50.0,,,5.0,36.0,,0.5909,20.0,,True
1017,EL_to_NBA,0,EuroLeague,2005,21,Forward,213.0,False,0,18.0,21.1806,7.2,0.5962,43.4,10.9,1.6,59.0,130.0,,0.5833,50.0,,True
1017,NBA_to_EL,1,NBA,2014,31,Forward,213.0,False,0,29.0,27.07,12.45,0.4751,36.6,14.83,1.45,107.0,361.0,11.95,0.4721,27.8,29.93,True
1017,NBA_to_EL,0,NBA,2015,31,Forward,213.0,False,0,46.0,13.78,6.07,0.4606,18.8,6.61,0.57,57.0,279.0,12.45,0.4751,36.6,27.07,True
1018,NBA_to_EL,0,NBA,2002,27,Forward,206.0,False,0,16.0,6.62,1.56,0.6,0.0,2.5,0.38,12.0,25.0,,,,,False
1018,EL_to_NBA,1,EuroLeague,2004,30,Forward,206.0,False,0,24.0,23.6146,8.1,0.6821,,14.6,1.4,135.0,195.0,8.0,0.625,,23.8333,True
1018,EL_to_NBA,0,EuroLeague,2005,30,Forward,206.0,False,0,25.0,24.31,7.7,0.6425,57.14,12.8,2.2,109.0,193.0,8.1,0.6821,,23.6146,True
1040,NBA_to_EL,0,NBA,2006,28,Guard,186.0,False,0,41.0,10.54,3.44,0.4965,34.6,4.07,0.44,32.0,141.0,,,,,False
1042,EL_to_NBA,1,EuroLeague,2004,27,Forward,202.0,False,0,11.0,,,0.6167,45.45,,,17.0,60.0,9.0,0.4398,25.71,25.4583,True
1042,EL_to_NBA,0,EuroLeague,2005,27,Forward,202.0,False,0,15.0,18.25,6.0,0.5667,39.13,7.3,0.4,10.0,90.0,,0.6167,45.45,,True
1042,NBA_to_EL,1,NBA,2007,30,Forward,202.0,False,0,17.0,10.24,3.82,0.4538,34.6,4.0,0.24,10.0,65.0,6.88,0.6076,46.1,19.5,True
1042,NBA_to_EL,0,NBA,2008,30,Forward,202.0,False,0,59.0,10.68,3.51,0.4952,34.2,3.8,0.29,25.0,207.0,3.82,0.4538,34.6,10.24,True
1062,EL_to_NBA,1,EuroLeague,2003,25,Guard,193.0,False,0,20.0,30.55,12.0,0.5744,39.6,19.4,2.2,122.0,242.0,,,,,False
1062,EL_to_NBA,0,EuroLeague,2004,25,Guard,193.0,False,0,22.0,30.7386,11.1,0.584,40.16,17.9,2.3,118.0,244.0,12.0,0.5744,39.6,30.55,True
1062,NBA_to_EL,0,NBA,2005,26,Guard,193.0,False,0,19.0,7.11,2.16,0.378,25.0,2.32,0.42,15.0,41.0,,,,,False
1077,EL_to_NBA,1,EuroLeague,2003,19,Center,210.0,False,0,7.0,,,0.4375,,,,2.0,16.0,,,,,False
1077,EL_to_NBA,0,EuroLeague,2004,19,Center,210.0,False,0,11.0,,,0.4681,,,,16.0,47.0,,0.4375,,,True
1086,NBA_to_EL,0,NBA,2002,39,Center,220.0,False,0,78.0,15.5,4.63,0.4806,50.0,6.1,0.96,164.0,361.0,,,,,False
1093,EL_to_NBA,1,EuroLeague,2004,23,Forward,210.0,False,0,10.0,,,0.5526,50.0,,,18.0,19.0,3.1,0.5213,35.71,13.1167,True
1093,EL_to_NBA,0,EuroLeague,2005,23,Forward,210.0,False,0,20.0,12.2,3.2,0.627,46.67,4.9,0.8,33.0,63.0,,0.5526,50.0,,True
1096,EL_to_NBA,1,EuroLeague,2008,25,Center,211.0,False,0,17.0,24.7059,8.2,0.6547,,14.0,2.1,93.0,139.0,8.5,0.6179,,22.526,True
1096,EL_to_NBA,0,EuroLeague,2009,25,Center,211.0,False,0,16.0,26.6646,8.9,0.5352,,13.0,1.4,88.0,142.0,8.2,0.6547,,24.7059,True
1116,NBA_to_EL,0,NBA,2003,25,Forward,203.0,False,0,14.0,10.43,3.5,0.5612,100.0,4.29,0.79,8.0,49.0,3.75,0.466,0.0,12.4,True
1116,EL_to_NBA,0,EuroLeague,2004,26,Forward,203.0,False,0,11.0,,,0.6786,,,,21.0,28.0,,,,,False
1124,NBA_to_EL,0,NBA,2003,24,Guard,184.0,False,0,6.0,5.67,3.0,0.2222,0.0,1.83,1.0,3.0,18.0,,,,,False
1130,NBA_to_EL,1,NBA,2002,24,Center,209.0,False,0,12.0,6.0,1.67,0.3,0.0,1.58,0.58,18.0,20.0,,,,,False
1130,NBA_to_EL,0,NBA,2003,24,Center,209.0,False,0,1.0,6.0,1.0,0.0,0.0,1.0,1.0,2.0,1.0,1.67,0.3,0.0,6.0,True
1131,NBA_to_EL,1,NBA,2002,33,Forward,201.0,False,0,31.0,6.23,2.29,0.3803,21.1,1.97,0.45,9.0,71.0,5.17,0.5072,38.5,11.82,True
1131,NBA_to_EL,0,NBA,2003,33,Forward,201.0,False,0,7.0,5.0,1.71,0.3333,40.0,1.14,0.29,1.0,12.0,2.29,0.3803,21.1,6.23,True
1133,NBA_to_EL,1,NBA,2002,31,Center,211.0,False,0,11.0,6.36,1.55,0.2353,0.0,1.0,0.18,4.0,17.0,1.81,0.4082,0.0,5.67,True
1133,NBA_to_EL,0,NBA,2003,31,Center,211.0,False,0,59.0,10.85,1.98,0.4017,0.0,1.92,0.42,27.0,117.0,1.55,0.2353,0.0,6.36,True
1139,NBA_to_EL,0,NBA,2003,26,Guard,196.0,False,0,55.0,26.67,9.53,0.4256,34.3,10.11,1.51,142.0,524.0,8.53,0.4707,35.4,24.87,True
1140,EL_to_NBA,1,EuroLeague,2008,24,Center,210.0,False,0,12.0,19.1153,4.9,0.4915,,6.6,1.1,37.0,59.0,4.9,0.5,,19.3133,True
1140,EL_to_NBA,0,EuroLeague,2009,24,Center,210.0,False,0,10.0,,,0.4762,,,,38.0,42.0,4.9,0.4915,,19.1153,True
1140,NBA_to_EL,1,NBA,2010,26,Center,210.0,False,0,37.0,14.35,2.62,0.5979,0.0,4.05,0.86,54.0,97.0,,,,,False
1140,NBA_to_EL,0,NBA,2011,26,Center,210.0,False,0,28.0,11.89,2.64,0.527,0.0,3.54,0.57,41.0,74.0,2.62,0.5979,0.0,14.35,True
1144,EL_to_NBA,0,EuroLeague,2004,19,Center,217.0,False,0,15.0,8.71667,1.6,0.3696,25.0,1.5,0.8,16.0,23.0,,,,,False
1155,NBA_to_EL,1,NBA,2002,31,Center,208.0,False,0,62.0,12.63,4.77,0.3834,14.3,4.31,0.76,58.0,296.0,,,,,False
1155,EL_to_NBA,0,EuroLeague,2004,32,Center,208.0,False,0,19.0,17.1053,5.5,0.5096,,6.5,1.8,25.0,104.0,,,,,False
1155,NBA_to_EL,1,NBA,2006,35,Center,208.0,False,0,23.0,7.13,2.83,0.4,27.3,2.61,0.3,13.0,65.0,3.02,0.5039,28.6,8.24,True
1176,EL_to_NBA,1,EuroLeague,2004,23,Forward,202.0,False,0,19.0,24.2763,4.7,0.6461,33.33,8.2,0.7,52.0,89.0,,,,,False
1176,EL_to_NBA,0,EuroLeague,2005,23,Forward,202.0,False,0,22.0,23.1591,6.2,0.5296,39.53,7.9,1.1,39.0,135.0,4.7,0.6461,33.33,24.2763,True
1179,NBA_to_EL,0,NBA,2003,26,Forward,198.0,False,0,41.0,12.39,3.17,0.3885,30.0,3.0,0.37,27.0,130.0,,,,,False
1181,EL_to_NBA,1,EuroLeague,2004,19,Forward,207.0,False,0,6.0,,,0.3,11.11,,,2.0,15.0,,,,,False
1181,NBA_to_EL,0,NBA,2006,20,Forward,207.0,False,0,66.0,14.74,5.5,0.4573,36.5,6.09,0.77,89.0,363.0,,,,,False
1181,EL_to_NBA,1,EuroLeague,2007,22,Forward,207.0,False,0,22.0,18.0553,6.3,0.4286,24.14,6.1,0.8,26.0,140.0,,,,,False
1181,EL_to_NBA,0,EuroLeague,2008,22,Forward,207.0,False,0,22.0,20.8136,8.5,0.5403,40.26,10.5,1.2,38.0,186.0,6.3,0.4286,24.14,18.0553,True
1181,NBA_to_EL,0,NBA,2010,24,Forward,207.0,False,0,60.0,25.08,8.45,0.4714,29.8,9.52,1.05,104.0,507.0,9.0,0.4986,33.6,23.43,True
1181,EL_to_NBA,0,EuroLeague,2011,25,Forward,207.0,False,0,8.0,,,0.5357,35.29,,,27.0,56.0,,,,,False
1194,EL_to_NBA,0,EuroLeague,2004,18,Forward,206.0,False,0,1.0,,,,,,,0.0,0.0,,,,,False
1221,NBA_to_EL,1,NBA,2002,26,Forward,197.0,False,0,12.0,8.17,3.17,0.3947,28.6,3.58,0.58,15.0,38.0,3.65,0.369,23.1,7.74,True
1234,NBA_to_EL,1,NBA,2002,29,Guard,193.0,False,0,3.0,4.33,1.33,0.25,0.0,1.67,0.33,4.0,4.0,7.13,0.4661,26.7,19.05,True
1234,EL_to_NBA,0,EuroLeague,2004,30,Guard,193.0,False,0,20.0,34.5125,16.4,0.5427,38.67,20.6,2.1,74.0,328.0,,,,,False
1234,NBA_to_EL,1,NBA,2005,32,Guard,193.0,False,0,21.0,9.9,3.38,0.5282,40.5,3.81,0.19,8.0,71.0,,,,,False
1246,NBA_to_EL,0,NBA,2004,25,Guard,178.0,False,0,36.0,12.03,3.47,0.384,24.5,3.08,0.67,24.0,125.0,,,,,False
1247,EL_to_NBA,0,EuroLeague,2005,24,Forward,201.0,False,0,5.0,,,0.52,22.22,,,8.0,25.0,,,,,False
1258,NBA_to_EL,0,NBA,2004,26,Guard,185.0,False,0,4.0,4.5,0.25,0.0,0.0,0.0,0.25,0.0,1.0,,,,,False
1260,NBA_to_EL,1,NBA,2003,25,Forward,201.0,False,0,36.0,11.25,3.22,0.4569,0.0,3.47,0.61,43.0,116.0,,,,,False
1260,NBA_to_EL,0,NBA,2004,25,Forward,201.0,False,0,31.0,7.16,2.35,0.5068,0.0,3.06,0.71,39.0,73.0,3.22,0.4569,0.0,11.25,True
1274,NBA_to_EL,1,NBA,2003,25,Center,208.0,False,0,2.0,2.5,1.5,0.3333,0.0,1.0,0.0,0.0,3.0,,,,,False
1295,NBA_to_EL,1,NBA,2003,30,Center,213.0,False,0,61.0,15.61,6.21,0.4077,30.6,6.26,0.79,86.0,379.0,9.62,0.4309,35.3,24.2,True
1295,NBA_to_EL,0,NBA,2004,30,Center,213.0,False,0,71.0,20.2,7.65,0.4613,35.2,8.41,1.1,120.0,543.0,6.21,0.4077,30.6,15.61,True
1300,EL_to_NBA,0,EuroLeague,2007,20,Forward,208.0,False,0,11.0,,,0.479,31.82,,,64.0,119.0,,,,,False
1300,NBA_to_EL,0,NBA,2010,23,Forward,208.0,False,0,48.0,34.81,10.6,0.4961,34.7,15.92,1.21,290.0,509.0,11.44,0.5232,38.1,33.91,True
1300,EL_to_NBA,0,EuroLeague,2011,24,Forward,208.0,False,0,7.0,,,0.4688,26.67,,,73.0,64.0,,,,,False
1311,NBA_to_EL,1,NBA,2003,25,Forward,207.0,False,0,31.0,8.45,2.39,0.4932,50.0,3.0,0.29,28.0,74.0,3.92,0.4412,25.0,11.31,True
1311,NBA_to_EL,0,NBA,2004,25,Forward,207.0,False,0,9.0,11.67,4.22,0.3421,0.0,3.56,0.67,11.0,38.0,2.39,0.4932,50.0,8.45,True
1311,EL_to_NBA,1,EuroLeague,2007,29,Forward,207.0,False,0,15.0,25.3389,10.6,0.5346,35.9,13.7,1.6,44.0,159.0,10.0,0.5693,37.65,27.7625,True
1311,EL_to_NBA,0,EuroLeague,2008,29,Forward,207.0,False,0,14.0,27.4417,9.2,0.4414,24.53,11.2,1.4,54.0,128.0,10.6,0.5346,35.9,25.3389,True
1311,NBA_to_EL,0,NBA,2009,30,Forward,207.0,False,0,10.0,4.4,2.1,0.5476,60.0,2.5,0.3,5.0,21.0,,,,,False
1313,EL_to_NBA,1,EuroLeague,2011,33,Guard,190.0,False,0,10.0,,,0.6091,40.74,,,7.0,55.0,,0.4167,15.38,,True
1317,NBA_to_EL,1,NBA,2003,24,Forward,198.0,False,0,78.0,23.44,4.62,0.5208,41.7,5.97,0.87,111.0,360.0,4.54,0.4526,31.5,15.93,True
1317,NBA_to_EL,0,NBA,2004,24,Forward,198.0,False,0,40.0,19.23,3.92,0.5223,38.2,5.3,0.68,62.0,157.0,4.62,0.5208,41.7,23.44,True
1317,EL_to_NBA,1,EuroLeague,2005,26,Forward,198.0,False,0,25.0,25.13,6.2,0.6226,44.57,9.0,1.2,43.0,155.0,,,,,False
1317,NBA_to_EL,0,NBA,2007,27,Forward,198.0,False,0,53.0,10.32,2.17,0.4087,22.2,2.02,0.3,17.0,115.0,,,,,False
1340,EL_to_NBA,1,EuroLeague,2008,24,Center,210.0,False,0,21.0,18.1651,6.8,0.6338,,13.0,2.3,120.0,142.0,10.7,0.5837,,26.9174,True
1340,EL_to_NBA,0,EuroLeague,2009,24,Center,210.0,False,0,13.0,21.9577,8.6,0.6071,,14.8,1.9,77.0,112.0,6.8,0.6338,,18.1651,True
1340,NBA_to_EL,0,NBA,2010,25,Center,210.0,False,0,65.0,13.65,4.05,0.5171,0.0,5.52,1.4,114.0,263.0,,,,,False
1340,EL_to_NBA,0,EuroLeague,2011,26,Center,210.0,False,0,7.0,,,0.5493,,,,37.0,71.0,,,,,False
1349,NBA_to_EL,1,NBA,2003,29,Center,216.0,False,0,54.0,13.11,3.02,0.4785,0.0,4.02,0.59,90.0,163.0,,,,,False
1349,NBA_to_EL,0,NBA,2004,29,Center,216.0,False,0,11.0,9.45,1.91,0.3333,0.0,2.0,0.36,11.0,21.0,3.02,0.4785,0.0,13.11,True
1365,NBA_to_EL,1,NBA,2003,26,Guard,195.0,False,0,11.0,8.73,3.45,0.2895,50.0,2.27,0.55,6.0,38.0,5.0,0.475,50.0,12.12,True
1372,NBA_to_EL,1,NBA,2003,30,Guard,186.0,False,0,37.0,14.19,4.08,0.4735,33.8,4.95,0.7,45.0,151.0,6.63,0.4793,35.2,22.92,True
1372,EL_to_NBA,0,EuroLeague,2005,31,Guard,186.0,False,0,25.0,27.5,9.0,0.6049,40.83,12.6,2.6,54.0,224.0,,,,,False
1387,NBA_to_EL,1,NBA,2004,29,Forward,196.0,False,0,42.0,10.17,3.05,0.4688,28.6,3.24,0.64,25.0,128.0,,,,,False
1387,NBA_to_EL,0,NBA,2005,29,Forward,196.0,False,0,25.0,11.16,3.36,0.494,16.7,4.16,0.96,24.0,84.0,3.05,0.4688,28.6,10.17,True
1390,NBA_to_EL,1,NBA,2004,31,Center,208.0,False,0,42.0,17.43,4.33,0.4341,0.0,5.48,1.07,93.0,182.0,,,,,False
1391,NBA_to_EL,0,NBA,2005,23,Forward,195.0,False,0,19.0,7.42,1.95,0.4189,14.3,2.05,0.47,10.0,37.0,,,,,False
1394,NBA_to_EL,0,NBA,2005,23,Guard,195.0,False,0,5.0,7.0,3.2,0.2812,20.0,1.8,0.8,0.0,16.0,,,,,False
1394,EL_to_NBA,1,EuroLeague,2006,25,Guard,195.0,False,0,22.0,32.6023,11.0,0.4896,31.82,14.3,3.0,91.0,241.0,,,,,False
1394,EL_to_NBA,0,EuroLeague,2007,25,Guard,195.0,False,0,22.0,17.3394,5.0,0.4537,27.91,5.5,1.1,28.0,108.0,11.0,0.4896,31.82,32.6023,True
1394,NBA_to_EL,0,NBA,2008,26,Guard,195.0,False,0,7.0,2.86,1.57,0.3636,0.0,1.29,0.0,2.0,11.0,,,,,False
1400,EL_to_NBA,1,EuroLeague,2006,20,Forward,203.0,False,0,12.0,,,0.5395,27.27,,,13.0,38.0,,,,,False
1400,EL_to_NBA,0,EuroLeague,2007,20,Forward,203.0,False,0,13.0,26.5833,7.3,0.5,29.03,8.5,2.0,24.0,95.0,,0.5395,27.27,,True
1400,NBA_to_EL,0,NBA,2010,23,Forward,203.0,False,0,80.0,31.52,10.09,0.5279,34.5,12.38,1.04,164.0,807.0,7.24,0.6194,40.9,24.81,True
1400,EL_to_NBA,0,EuroLeague,2011,24,Forward,203.0,False,0,6.0,,,0.4538,33.33,,,44.0,65.0,,,,,False
1404,NBA_to_EL,1,NBA,2004,27,Guard,188.0,False,0,76.0,14.03,4.58,0.3937,36.1,4.38,0.97,75.0,348.0,1.33,0.5,0.0,5.67,True
1407,NBA_to_EL,0,NBA,2005,23,Guard,183.0,False,0,15.0,10.8,3.47,0.4231,22.2,3.6,0.93,16.0,52.0,,,,,False
1407,EL_to_NBA,1,EuroLeague,2006,25,Guard,183.0,False,0,21.0,26.7738,9.0,0.4654,29.23,11.0,3.0,68.0,188.0,,,,,False
1407,EL_to_NBA,0,EuroLeague,2007,25,Guard,183.0,False,0,24.0,21.8708,7.6,0.5467,35.71,10.6,2.2,71.0,182.0,9.0,0.4654,29.23,26.7738,True
1417,NBA_to_EL,1,NBA,2004,32,Guard,186.0,False,0,56.0,23.95,10.55,0.4772,35.6,11.91,0.96,136.0,591.0,5.58,0.4348,30.3,15.48,True
1417,NBA_to_EL,0,NBA,2005,32,Guard,186.0,False,0,1.0,7.0,1.0,0.0,0.0,2.0,0.0,2.0,1.0,10.55,0.4772,35.6,23.95,True
1422,NBA_to_EL,0,NBA,2005,25,Forward,206.0,False,0,12.0,6.83,2.08,0.26,33.3,1.5,0.67,8.0,25.0,,,,,False
1432,NBA_to_EL,1,NBA,2004,28,Guard,183.0,False,0,73.0,13.97,3.32,0.4091,30.8,3.68,0.82,81.0,242.0,1.64,0.4583,37.5,7.14,True
1432,NBA_to_EL,0,NBA,2005,28,Guard,183.0,False,0,41.0,2.98,1.1,0.3,30.4,1.1,0.22,23.0,45.0,3.32,0.4091,30.8,13.97,True
1432,EL_to_NBA,0,EuroLeague,2006,29,Guard,183.0,False,0,20.0,16.8625,4.2,0.5294,40.0,6.2,1.9,41.0,85.0,,,,,False
1433,EL_to_NBA,0,EuroLeague,2006,23,Center,214.0,False,0,14.0,27.6964,6.8,0.599,50.0,10.4,2.1,45.0,96.0,,,,,False
1440,NBA_to_EL,1,NBA,2004,27,Forward,206.0,False,0,6.0,14.5,3.67,0.2727,0.0,2.0,0.5,0.0,22.0,2.95,0.2966,8.3,14.45,True
1441,NBA_to_EL,1,NBA,2004,26,Center,213.0,False,0,45.0,7.91,2.18,0.4796,0.0,2.62,0.58,43.0,98.0,,,,,False
1441,NBA_to_EL,0,NBA,2005,26,Center,213.0,False,0,28.0,7.61,2.46,0.4493,0.0,2.86,0.54,23.0,69.0,2.18,0.4796,0.0,7.91,True
1450,EL_to_NBA,0,EuroLeague,2006,21,Forward,206.0,False,0,18.0,11.2778,2.2,0.6667,,3.7,0.9,23.0,39.0,,,,,False
1459,NBA_to_EL,1,NBA,2004,28,Forward,208.0,False,0,8.0,8.62,1.12,0.3333,0.0,1.75,0.75,9.0,9.0,2.4,0.4762,0.0,11.91,True
1475,NBA_to_EL,1,NBA,2004,30,Forward,203.0,False,0,16.0,8.0,2.62,0.4286,25.0,3.06,0.5,24.0,42.0,3.12,0.4719,28.6,10.23,True
1481,EL_to_NBA,1,EuroLeague,2010,27,Forward,206.0,False,0,20.0,34.1258,13.6,0.5018,36.03,15.4,1.2,53.0,272.0,10.8,0.5826,43.61,30.0717,True
1481,EL_to_NBA,0,EuroLeague,2011,27,Forward,206.0,False,0,10.0,,,0.5271,43.06,,,60.0,166.0,13.6,0.5018,36.03,34.1258,True
1499,EL_to_NBA,1,EuroLeague,2012,25,Forward,200.0,False,0,21.0,28.2516,10.8,0.5639,40.48,15.9,1.0,93.0,227.0,8.4,0.5485,41.07,24.2917,True
1499,EL_to_NBA,0,EuroLeague,2013,25,Forward,200.0,False,0,24.0,30.6368,11.6,0.518,29.79,14.8,1.9,82.0,278.0,10.8,0.5639,40.48,28.2516,True
1502,NBA_to_EL,1,NBA,2005,25,Guard,198.0,False,0,36.0,15.67,5.03,0.4807,41.4,5.75,0.89,41.0,181.0,,,,,False
1502,NBA_to_EL,0,NBA,2006,25,Guard,198.0,False,0,17.0,15.06,4.76,0.4877,25.0,5.76,1.29,23.0,81.0,5.03,0.4807,41.4,15.67,True
1502,EL_to_NBA,1,EuroLeague,2009,29,Guard,198.0,False,0,20.0,28.385,9.9,0.4874,33.87,13.6,3.2,100.0,198.0,,0.4521,39.39,,True
1502,EL_to_NBA,0,EuroLeague,2010,29,Guard,198.0,False,0,10.0,,,0.5345,45.45,,,25.0,87.0,9.9,0.4874,33.87,28.385,True
1506,EL_to_NBA,0,EuroLeague,2009,24,Center,211.0,False,0,7.0,,,0.6579,,,,33.0,38.0,,,,,False
1511,NBA_to_EL,1,NBA,2005,24,Center,208.0,False,0,57.0,8.68,1.4,0.425,0.0,1.77,0.67,53.0,80.0,,,,,False
1511,NBA_to_EL,0,NBA,2006,24,Center,208.0,False,0,13.0,6.23,1.23,0.5,0.0,1.54,0.31,7.0,16.0,1.4,0.425,0.0,8.68,True
1516,NBA_to_EL,1,NBA,2005,28,Center,208.0,False,0,46.0,7.98,1.72,0.4114,20.0,1.46,0.41,3.0,79.0,0.88,0.4286,0.0,6.88,True
1518,NBA_to_EL,0,NBA,2011,28,Forward,201.0,False,0,2.0,18.5,5.5,0.2727,0.0,5.0,0.0,4.0,11.0,,,,,False
1523,NBA_to_EL,0,NBA,2006,25,Guard,187.0,False,0,4.0,8.75,0.75,0.0,0.0,0.0,0.5,4.0,3.0,,,,,False
1523,EL_to_NBA,1,EuroLeague,2007,27,Guard,187.0,False,0,5.0,,,0.4103,26.67,,,9.0,39.0,,,,,False
1535,EL_to_NBA,0,EuroLeague,2007,22,Guard,193.0,False,0,13.0,27.5474,7.8,0.5441,27.27,9.8,2.5,24.0,102.0,,,,,False
1535,NBA_to_EL,0,NBA,2010,25,Guard,193.0,False,0,48.0,17.83,6.58,0.4652,27.7,7.35,2.0,97.0,316.0,6.14,0.5275,39.4,18.02,True
1535,EL_to_NBA,0,EuroLeague,2011,26,Guard,193.0,False,0,2.0,,,0.2,,,,1.0,5.0,,,,,False
1540,NBA_to_EL,1,NBA,2005,29,Forward,203.0,False,0,3.0,13.0,5.67,0.5588,100.0,6.67,0.67,2.0,17.0,5.41,0.4555,0.0,16.7,True
1542,NBA_to_EL,1,NBA,2005,26,Guard,198.0,False,0,12.0,4.5,1.0,0.5,0.0,1.08,0.08,4.0,12.0,2.7,0.4259,25.0,10.8,True
1555,NBA_to_EL,1,NBA,2005,32,Center,206.0,False,0,37.0,11.7,4.0,0.4459,0.0,4.59,0.76,48.0,148.0,9.02,0.4651,0.0,24.4,True
1555,NBA_to_EL,0,NBA,2006,32,Center,206.0,False,0,56.0,18.3,6.93,0.4098,0.0,7.29,1.16,103.0,388.0,4.0,0.4459,0.0,11.7,True
1556,NBA_to_EL,0,NBA,2006,27,Forward,203.0,False,0,54.0,13.33,3.52,0.5158,33.3,4.19,0.5,37.0,190.0,1.11,0.5,0.0,3.89,True
1556,EL_to_NBA,0,EuroLeague,2007,28,Forward,203.0,False,0,4.0,,,0.3333,,,,2.0,9.0,,,,,False
1584,NBA_to_EL,1,NBA,2005,28,Forward,207.0,False,0,22.0,8.73,2.23,0.3265,0.0,1.59,0.32,3.0,49.0,,,,,False
1585,EL_to_NBA,0,EuroLeague,2011,22,Forward,213.0,False,0,10.0,,,0.5,30.43,,,33.0,110.0,,,,,False
1592,NBA_to_EL,1,NBA,2005,29,Guard,190.0,False,0,71.0,19.38,5.68,0.4256,6.3,6.21,1.55,150.0,403.0,4.9,0.449,16.7,19.16,True
1601,NBA_to_EL,0,NBA,2006,23,Guard,188.0,False,0,47.0,15.11,5.51,0.4788,41.4,6.17,0.89,55.0,259.0,,,,,False
1608,EL_to_NBA,1,EuroLeague,2008,26,Guard,191.0,False,0,10.0,,,0.45,16.67,,,25.0,40.0,,0.4273,38.46,,True
1608,NBA_to_EL,0,NBA,2013,30,Guard,191.0,False,0,3.0,3.67,1.0,0.0,0.0,0.33,0.67,2.0,3.0,,,,,False
1610,NBA_to_EL,1,NBA,2005,26,Forward,203.0,False,0,59.0,12.76,2.56,0.543,50.0,3.44,0.47,50.0,151.0,,,,,False
1610,NBA_to_EL,0,NBA,2006,26,Forward,203.0,False,0,53.0,7.09,1.55,0.3841,21.4,1.6,0.32,29.0,82.0,2.56,0.543,50.0,12.76,True
1610,EL_to_NBA,0,EuroLeague,2007,27,Forward,203.0,False,0,7.0,,,0.5476,42.86,,,3.0,21.0,,,,,False
1612,NBA_to_EL,1,NBA,2005,26,Forward,208.0,False,0,42.0,14.05,2.93,0.4309,0.0,3.5,0.71,57.0,123.0,2.15,0.3966,0.0,9.44,True
1612,NBA_to_EL,0,NBA,2006,26,Forward,208.0,False,0,7.0,4.86,1.29,0.3333,0.0,1.43,0.14,6.0,9.0,2.93,0.4309,0.0,14.05,True
1618,EL_to_NBA,1,EuroLeague,2015,30,Guard,195.0,False,0,29.0,26.7856,10.2,0.5983,42.78,16.1,3.0,129.0,295.0,10.9,0.567,40.46,28.1847,True
1618,EL_to_NBA,0,EuroLeague,2016,30,Guard,195.0,False,0,29.0,27.6287,11.1,0.5637,38.12,16.1,3.0,116.0,322.0,10.2,0.5983,42.78,26.7856,True
1620,NBA_to_EL,1,NBA,2005,28,Center,218.0,False,0,51.0,14.35,3.24,0.6061,0.0,5.04,0.76,87.0,165.0,2.06,0.5,0.0,9.0,True
1620,NBA_to_EL,0,NBA,2006,28,Center,218.0,False,0,23.0,11.22,2.17,0.4,0.0,2.35,0.91,24.0,50.0,3.24,0.6061,0.0,14.35,True
1623,NBA_to_EL,1,NBA,2005,26,Forward,208.0,False,0,41.0,9.9,1.61,0.3939,0.0,1.78,0.51,44.0,66.0,1.6,0.375,0.0,5.6,True
1625,NBA_to_EL,0,NBA,2006,24,Guard,185.0,False,0,1.0,7.0,1.0,1.5,100.0,4.0,1.0,2.0,1.0,,,,,False
1630,NBA_to_EL,1,NBA,2005,29,Center,218.0,False,0,27.0,12.0,2.19,0.4746,0.0,2.3,0.59,14.0,59.0,3.64,0.4329,0.0,15.8,True
1630,NBA_to_EL,0,NBA,2007,30,Center,218.0,False,0,7.0,2.43,0.71,0.6,0.0,0.86,0.0,0.0,5.0,,,,,False
1631,NBA_to_EL,1,NBA,2005,26,Forward,203.0,False,0,49.0,20.67,5.18,0.5512,36.7,6.71,1.24,76.0,254.0,4.0,0.4167,0.0,13.33,True
1632,NBA_to_EL,1,NBA,2005,23,Guard,191.0,False,0,7.0,19.29,7.29,0.4706,35.3,8.86,1.14,16.0,51.0,,,,,False
1632,NBA_to_EL,0,NBA,2006,23,Guard,191.0,False,0,19.0,10.0,3.16,0.45,30.0,3.53,0.32,18.0,60.0,7.29,0.4706,35.3,19.29,True
1636,NBA_to_EL,1,NBA,2006,24,Guard,185.0,False,0,49.0,9.18,2.0,0.3571,21.4,1.92,0.63,37.0,98.0,,,,,False
1637,NBA_to_EL,1,NBA,2006,29,Guard,188.0,False,0,82.0,20.85,8.44,0.4675,38.8,9.16,1.49,122.0,692.0,5.12,0.4401,37.9,11.33,True
1637,NBA_to_EL,0,NBA,2007,29,Guard,188.0,False,0,80.0,18.71,8.15,0.4394,34.9,8.05,1.16,81.0,652.0,8.44,0.4675,38.8,20.85,True
1637,EL_to_NBA,0,EuroLeague,2008,30,Guard,188.0,False,0,11.0,,,0.4359,28.57,,,6.0,39.0,,,,,False
1642,NBA_to_EL,1,NBA,2006,26,Guard,175.0,False,0,6.0,4.83,1.33,0.5,0.0,1.33,0.67,0.0,8.0,3.5,0.4286,0.0,10.5,True
1642,NBA_to_EL,0,NBA,2007,26,Guard,175.0,False,0,4.0,6.25,1.25,0.5,33.3,1.5,0.25,2.0,5.0,1.33,0.5,0.0,4.83,True
1653,NBA_to_EL,1,NBA,2006,25,Forward,203.0,False,0,55.0,36.8,9.42,0.529,33.8,13.0,1.45,210.0,518.0,6.81,0.5833,49.2,30.39,True
1653,NBA_to_EL,0,NBA,2007,25,Forward,203.0,False,0,76.0,29.92,7.54,0.5899,36.7,11.82,1.29,275.0,573.0,9.42,0.529,33.8,36.8,True
1653,EL_to_NBA,1,EuroLeague,2008,27,Forward,203.0,False,0,16.0,24.224,7.3,0.4829,15.79,8.8,1.8,44.0,117.0,,,,,False
1653,EL_to_NBA,0,EuroLeague,2009,27,Forward,203.0,False,0,20.0,32.3475,11.0,0.5659,32.76,15.2,2.0,85.0,220.0,7.3,0.4829,15.79,24.224,True
1662,NBA_to_EL,1,NBA,2006,25,Guard,191.0,False,0,61.0,11.67,2.64,0.4472,31.8,2.93,0.82,45.0,161.0,3.86,0.4235,28.2,14.71,True
1663,EL_to_NBA,1,EuroLeague,2008,21,Forward,203.0,False,0,4.0,,,0.25,,,,2.0,4.0,,,,,False
1663,NBA_to_EL,1,NBA,2011,24,Forward,203.0,False,0,6.0,13.83,3.17,0.1842,50.0,1.5,0.33,6.0,19.0,6.95,0.4657,27.5,21.52,True
1674,NBA_to_EL,1,NBA,2006,24,Forward,203.0,False,0,2.0,6.5,2.0,0.25,0.0,1.0,0.0,0.0,4.0,,,,,False
1676,NBA_to_EL,1,NBA,2006,28,Guard,193.0,False,0,29.0,18.72,4.72,0.4416,26.9,5.24,1.79,46.0,137.0,,,,,False
1686,EL_to_NBA,0,EuroLeague,2008,20,Guard,185.0,False,0,16.0,19.5958,7.0,0.4369,26.83,7.6,1.2,31.0,111.0,,,,,False
1687,NBA_to_EL,0,NBA,2007,25,Center,211.0,False,0,56.0,8.43,0.84,0.5319,0.0,1.39,0.3,58.0,47.0,0.25,0.0,0.0,4.5,True
1690,EL_to_NBA,1,EuroLeague,2013,30,Center,213.0,False,0,30.0,18.4406,4.8,0.7014,,8.4,0.6,83.0,144.0,4.5,0.7164,,20.8483,True
1690,EL_to_NBA,0,EuroLeague,2014,30,Center,213.0,False,0,30.0,20.1256,5.4,0.6914,,9.9,1.0,110.0,162.0,4.8,0.7014,,18.4406,True
1698,NBA_to_EL,1,NBA,2006,26,Forward,201.0,False,0,40.0,9.03,2.23,0.382,22.2,2.48,0.47,45.0,89.0,2.61,0.4083,33.3,10.48,True
1699,NBA_to_EL,1,NBA,2006,25,Forward,206.0,False,0,12.0,5.92,1.42,0.6471,0.0,2.42,0.75,18.0,17.0,,,,,False
1699,EL_to_NBA,0,EuroLeague,2008,26,Forward,206.0,False,0,2.0,,,0.3793,,,,16.0,29.0,,,,,False
1699,EL_to_NBA,0,EuroLeague,2009,27,Forward,206.0,False,0,9.0,,,0.5,,,,18.0,28.0,,0.3793,,,True
1726,NBA_to_EL,1,NBA,2006,32,Forward,206.0,False,0,12.0,8.58,2.33,0.2857,0.0,2.0,0.5,13.0,28.0,5.81,0.4679,0.0,18.06,True
1734,NBA_to_EL,1,NBA,2006,24,Center,206.0,False,0,16.0,5.5,2.12,0.5588,47.1,2.62,0.31,7.0,34.0,2.68,0.42,27.8,12.57,True
1735,NBA_to_EL,1,NBA,2006,25,Forward,198.0,False,0,61.0,30.57,9.33,0.5009,33.9,10.89,1.64,103.0,569.0,10.27,0.5305,37.2,31.76,True
1735,NBA_to_EL,0,NBA,2007,25,Forward,198.0,False,0,67.0,28.15,8.21,0.4718,35.3,8.78,1.36,80.0,550.0,9.33,0.5009,33.9,30.57,True
1735,EL_to_NBA,0,EuroLeague,2008,26,Forward,198.0,False,0,6.0,,,0.3269,42.86,,,6.0,26.0,,,,,False
1739,EL_to_NBA,0,EuroLeague,2009,26,Guard,190.0,False,0,6.0,,,0.4205,38.46,,,7.0,44.0,,,,,False
1747,EL_to_NBA,0,EuroLeague,2012,27,Center,208.0,False,0,10.0,,,0.587,,,,43.0,92.0,,,,,False
1767,NBA_to_EL,1,NBA,2007,31,Guard,191.0,False,0,36.0,11.78,4.44,0.4219,43.6,4.25,0.97,19.0,160.0,8.07,0.4842,36.4,22.6,True
1767,NBA_to_EL,0,NBA,2008,31,Guard,191.0,False,0,50.0,16.32,5.12,0.4434,33.3,5.22,1.4,39.0,256.0,4.44,0.4219,43.6,11.78,True
1782,EL_to_NBA,0,EuroLeague,2009,27,Guard,179.0,False,0,3.0,,,0.3571,11.11,,,2.0,21.0,,,,,False
1788,NBA_to_EL,1,NBA,2007,24,Forward,203.0,False,0,79.0,23.91,8.34,0.5432,33.9,11.14,1.13,213.0,659.0,6.0,0.5095,37.6,18.84,True
1788,NBA_to_EL,0,NBA,2008,24,Forward,203.0,False,0,82.0,22.24,7.88,0.5147,32.6,9.91,1.0,204.0,646.0,8.34,0.5432,33.9,23.91,True
1788,EL_to_NBA,0,EuroLeague,2009,25,Forward,203.0,False,0,22.0,30.3765,12.5,0.5345,34.88,17.1,1.6,104.0,275.0,,,,,False
1788,NBA_to_EL,1,NBA,2011,28,Forward,203.0,False,0,49.0,21.57,8.37,0.478,34.6,9.65,1.31,100.0,410.0,10.41,0.4865,29.8,26.46,True
1788,NBA_to_EL,0,NBA,2012,28,Forward,203.0,False,0,20.0,18.8,7.2,0.4028,30.3,7.4,0.7,38.0,144.0,8.37,0.478,34.6,21.57,True
1803,NBA_to_EL,0,NBA,2013,26,Guard,192.0,False,0,31.0,9.42,2.77,0.3779,25.0,2.35,1.0,12.0,86.0,,,,,False
1803,NBA_to_EL,0,NBA,2014,27,Guard,192.0,False,0,4.0,10.75,5.0,0.15,0.0,1.5,0.5,0.0,20.0,2.77,0.3779,25.0,9.42,True
1808,EL_to_NBA,0,EuroLeague,2009,24,Center,216.0,False,0,16.0,13.6208,4.8,0.5065,,6.0,1.4,29.0,77.0,,,,,False
1829,NBA_to_EL,0,NBA,2008,24,Guard,183.0,False,0,13.0,9.38,2.85,0.3784,40.0,2.62,0.38,6.0,37.0,,,,,False
1838,NBA_to_EL,1,NBA,2007,24,Guard,196.0,False,0,21.0,4.29,1.81,0.2763,6.7,1.29,0.52,8.0,38.0,1.0,0.0,0.0,1.0,True
1838,NBA_to_EL,0,NBA,2008,24,Guard,196.0,False,0,63.0,19.44,8.13,0.5098,39.0,9.68,0.94,117.0,512.0,1.81,0.2763,6.7,4.29,True
1838,EL_to_NBA,0,EuroLeague,2009,25,Guard,196.0,False,0,3.0,,,0.5312,33.33,,,7.0,16.0,,,,,False
1849,EL_to_NBA,1,EuroLeague,2013,27,Forward,209.0,False,0,24.0,25.0889,7.9,0.5711,41.57,10.4,1.4,39.0,190.0,8.5,0.5409,31.03,23.1186,True
1849,EL_to_NBA,0,EuroLeague,2014,27,Forward,209.0,False,0,29.0,27.7621,8.5,0.5528,35.14,12.1,1.5,114.0,246.0,7.9,0.5711,41.57,25.0889,True
1849,NBA_to_EL,1,NBA,2020,34,Forward,209.0,False,0,26.0,16.88,5.77,0.5167,29.3,7.19,1.08,42.0,150.0,9.07,0.5835,41.9,27.93,True
1849,NBA_to_EL,0,NBA,2021,34,Forward,209.0,False,0,71.0,16.08,4.82,0.5468,36.2,6.1,1.23,81.0,342.0,5.77,0.5167,29.3,16.88,True
1876,EL_to_NBA,1,EuroLeague,2012,27,Forward,203.0,False,0,29.0,20.1155,4.4,0.5504,39.44,6.0,1.0,42.0,129.0,4.2,0.4261,23.08,13.2817,True
1876,EL_to_NBA,0,EuroLeague,2013,27,Forward,203.0,False,0,30.0,22.8661,4.9,0.5782,41.67,6.4,1.3,33.0,147.0,4.4,0.5504,39.44,20.1155,True
1892,EL_to_NBA,1,EuroLeague,2013,27,Center,224.0,False,0,10.0,,,0.6164,,,,29.0,73.0,,,,,False
1892,EL_to_NBA,0,EuroLeague,2014,27,Center,224.0,False,0,24.0,27.2896,10.0,0.6208,,16.6,1.4,128.0,240.0,,0.6164,,,True
1892,NBA_to_EL,1,NBA,2022,36,Center,224.0,False,0,31.0,5.52,1.94,0.6833,0.0,3.29,0.45,27.0,60.0,3.04,0.6071,25.0,5.57,True
1892,NBA_to_EL,0,NBA,2023,36,Center,224.0,False,0,14.0,5.07,2.43,0.5294,0.0,3.21,0.36,14.0,34.0,1.94,0.6833,0.0,5.52,True
1894,NBA_to_EL,1,NBA,2008,26,Forward,206.0,False,0,24.0,12.54,4.08,0.4031,100.0,3.88,1.08,20.0,98.0,,,,,False
1894,NBA_to_EL,0,NBA,2009,26,Forward,206.0,False,0,37.0,8.95,3.0,0.4595,0.0,3.32,0.51,32.0,111.0,4.08,0.4031,100.0,12.54,True
1898,NBA_to_EL,1,NBA,2008,31,Guard,191.0,False,0,80.0,24.69,9.94,0.5013,36.0,12.18,1.6,233.0,795.0,7.32,0.4317,22.2,18.26,True
1898,NBA_to_EL,0,NBA,2009,31,Guard,191.0,False,0,46.0,21.59,8.93,0.4392,31.3,9.87,1.41,131.0,411.0,9.94,0.5013,36.0,24.69,True
1901,NBA_to_EL,1,NBA,2008,34,Center,212.0,False,0,70.0,17.34,6.24,0.5126,0.0,6.76,0.9,32.0,437.0,6.58,0.5514,33.3,20.93,True
1901,NBA_to_EL,0,NBA,2009,34,Center,212.0,False,0,42.0,9.83,3.55,0.5436,0.0,3.88,0.38,5.0,149.0,6.24,0.5126,0.0,17.34,True
1906,NBA_to_EL,1,NBA,2008,25,Forward,212.0,False,0,32.0,8.66,3.16,0.4554,32.6,3.62,0.31,29.0,101.0,3.57,0.42,28.3,9.14,True
1906,NBA_to_EL,0,NBA,2009,25,Forward,212.0,False,0,44.0,10.16,4.27,0.4468,26.9,4.48,0.73,32.0,188.0,3.16,0.4554,32.6,8.66,True
1908,EL_to_NBA,1,EuroLeague,2011,25,Center,213.0,False,0,10.0,,,0.3846,,,,34.0,39.0,,1.0,,,True
1908,NBA_to_EL,1,NBA,2013,27,Center,213.0,False,0,48.0,9.69,2.62,0.5397,0.0,3.77,0.58,55.0,126.0,,,,,False
1908,NBA_to_EL,0,NBA,2014,27,Center,213.0,False,0,5.0,4.6,1.6,0.375,0.0,1.6,0.4,2.0,8.0,2.62,0.5397,0.0,9.69,True
1910,NBA_to_EL,1,NBA,2008,26,Forward,201.0,False,0,12.0,7.75,4.08,0.3469,35.3,3.08,0.25,6.0,49.0,2.0,0.0,0.0,5.0,True
1923,EL_to_NBA,1,EuroLeague,2010,20,Center,210.0,False,0,15.0,15.4311,4.3,0.7077,,7.7,1.4,26.0,65.0,,,,,False
1928,NBA_to_EL,0,NBA,2009,31,Guard,179.0,False,0,4.0,14.75,3.0,0.5833,66.7,4.0,1.0,4.0,12.0,,,,,False
1933,EL_to_NBA,0,EuroLeague,2013,23,Forward,207.0,False,0,22.0,17.4439,3.5,0.6538,,5.4,0.8,33.0,78.0,,,,,False
1933,NBA_to_EL,0,NBA,2014,24,Forward,207.0,False,0,41.0,13.17,1.9,0.5128,0.0,2.27,0.41,27.0,78.0,,,,,False
1939,EL_to_NBA,1,EuroLeague,2014,24,Forward,210.0,False,0,22.0,21.7841,9.8,0.4977,35.46,11.0,1.1,34.0,215.0,,0.5435,43.48,,True
1939,EL_to_NBA,0,EuroLeague,2015,24,Forward,210.0,False,0,15.0,,,0.7071,47.37,,,21.0,70.0,9.8,0.4977,35.46,21.7841,True
1939,NBA_to_EL,1,NBA,2023,33,Forward,210.0,False,0,15.0,6.07,1.73,0.5769,41.7,2.93,0.07,15.0,26.0,3.56,0.6031,39.0,10.93,True
1943,NBA_to_EL,1,NBA,2009,33,Guard,196.0,False,0,39.0,24.79,8.33,0.4769,36.7,9.72,1.46,86.0,325.0,4.97,0.3994,28.9,13.79,True
1949,NBA_to_EL,0,NBA,2010,25,Guard,188.0,False,0,73.0,24.6,8.92,0.4754,35.9,9.6,1.9,100.0,651.0,6.28,0.5184,37.6,17.98,True
1949,NBA_to_EL,0,NBA,2011,26,Guard,188.0,False,0,39.0,21.31,8.08,0.554,44.0,10.41,1.74,63.0,315.0,8.92,0.4754,35.9,24.6,True
1949,EL_to_NBA,1,EuroLeague,2011,27,Guard,188.0,False,0,7.0,,,0.5473,41.18,,,23.0,74.0,,,,,False
1949,EL_to_NBA,0,EuroLeague,2012,27,Guard,188.0,False,0,29.0,29.8897,11.0,0.5189,39.67,13.8,2.6,80.0,318.0,,0.5473,41.18,,True
1949,NBA_to_EL,0,NBA,2014,29,Guard,188.0,False,0,36.0,14.69,4.39,0.4968,36.1,4.64,0.89,11.0,158.0,8.88,0.511,43.8,22.24,True
1949,EL_to_NBA,0,EuroLeague,2015,30,Guard,188.0,False,0,8.0,,,0.5484,38.89,,,6.0,62.0,,,,,False
1953,NBA_to_EL,0,NBA,2010,24,Forward,198.0,False,0,5.0,3.6,0.6,0.3333,0.0,0.4,0.6,0.0,3.0,5.36,0.5339,77.8,16.55,True
1953,EL_to_NBA,0,EuroLeague,2011,25,Forward,198.0,False,0,3.0,,,0.5,57.14,,,6.0,28.0,,,,,False
1959,NBA_to_EL,0,NBA,2010,24,Guard,198.0,False,0,8.0,11.5,4.38,0.5857,36.8,5.12,0.62,0.0,35.0,1.95,0.4615,27.3,5.75,True
1959,EL_to_NBA,0,EuroLeague,2011,25,Guard,198.0,False,0,7.0,,,0.44,25.0,,,16.0,75.0,,,,,False
1968,NBA_to_EL,1,NBA,2009,30,Forward,206.0,False,0,58.0,28.98,8.31,0.5332,29.2,11.86,1.36,234.0,482.0,8.51,0.4667,27.4,27.33,True
1968,NBA_to_EL,0,NBA,2010,30,Forward,206.0,False,0,64.0,31.23,8.47,0.5,36.7,11.72,1.83,270.0,542.0,8.31,0.5332,29.2,28.98,True
1968,EL_to_NBA,0,EuroLeague,2011,31,Forward,206.0,False,0,17.0,29.9147,7.9,0.6074,41.67,14.1,1.5,99.0,135.0,,,,,False
1968,NBA_to_EL,0,NBA,2013,33,Forward,206.0,False,0,45.0,19.04,3.56,0.5156,20.0,5.02,1.2,119.0,160.0,8.75,0.5384,29.2,31.78,True
1973,NBA_to_EL,1,NBA,2009,26,Guard,190.0,False,0,5.0,13.2,2.8,0.6786,33.3,6.2,0.4,15.0,14.0,2.53,0.4065,31.0,10.18,True
1973,NBA_to_EL,0,NBA,2010,26,Guard,190.0,False,0,11.0,8.55,1.73,0.1579,0.0,1.09,0.91,10.0,19.0,2.8,0.6786,33.3,13.2,True
1974,NBA_to_EL,0,NBA,2010,24,Guard,180.0,False,0,80.0,26.29,8.6,0.5531,40.4,11.66,1.71,225.0,688.0,6.0,0.559,41.0,20.28,True
1974,EL_to_NBA,0,EuroLeague,2011,25,Guard,180.0,False,0,7.0,,,0.4643,37.5,,,21.0,42.0,,,,,False
1999,EL_to_NBA,1,EuroLeague,2014,22,Forward,207.0,False,0,27.0,24.3864,7.8,0.4786,30.65,9.9,1.9,92.0,210.0,,,,,False
1999,EL_to_NBA,0,EuroLeague,2015,22,Forward,207.0,False,0,24.0,22.4458,8.6,0.5704,40.28,11.7,1.5,49.0,206.0,7.8,0.4786,30.65,24.3864,True
2003,NBA_to_EL,0,NBA,2010,27,Forward,199.0,False,0,79.0,25.94,4.22,0.5135,27.5,5.08,0.7,79.0,333.0,5.38,0.4864,31.3,28.63,True
2003,EL_to_NBA,0,EuroLeague,2011,28,Forward,199.0,False,0,7.0,,,0.598,50.0,,,30.0,51.0,,,,,False
2006,EL_to_NBA,0,EuroLeague,2011,24,Forward,203.0,False,0,8.0,,,0.5093,38.46,,,16.0,54.0,,,,,False
2022,NBA_to_EL,0,NBA,2010,25,Guard,196.0,False,0,80.0,20.32,7.15,0.5577,42.3,9.22,0.71,134.0,572.0,11.79,0.553,35.9,32.58,True
2022,EL_to_NBA,0,EuroLeague,2011,26,Guard,196.0,False,0,3.0,,,0.5,,,,0.0,16.0,,,,,False
2029,NBA_to_EL,1,NBA,2010,28,Center,208.0,False,0,41.0,10.05,1.56,0.4922,33.3,1.88,0.61,23.0,64.0,2.78,0.38,0.0,13.28,True
2029,EL_to_NBA,0,EuroLeague,2012,29,Center,208.0,False,0,6.0,,,0.4286,,,,2.0,7.0,,,,,False
2031,NBA_to_EL,1,NBA,2010,31,Guard,188.0,False,0,3.0,7.33,0.67,0.0,0.0,2.0,0.67,8.0,2.0,3.32,0.5822,29.2,11.09,True
2033,EL_to_NBA,1,EuroLeague,2015,25,Guard,197.0,False,0,28.0,27.6494,9.6,0.5037,37.04,11.7,1.5,69.0,270.0,9.1,0.4868,35.77,28.3253,True
2033,EL_to_NBA,0,EuroLeague,2016,25,Guard,197.0,False,0,22.0,27.9477,9.9,0.6065,42.99,14.6,2.4,69.0,216.0,9.6,0.5037,37.04,27.6494,True
2039,EL_to_NBA,1,EuroLeague,2012,20,Forward,208.0,False,0,7.0,,,0.6364,,,,2.0,11.0,,,,,False
2043,EL_to_NBA,0,EuroLeague,2012,27,Guard,196.0,False,0,13.0,,,0.6552,55.56,,,11.0,58.0,,,,,False
2061,EL_to_NBA,1,EuroLeague,2013,20,Forward,206.0,False,0,14.0,,,0.4762,25.0,,,4.0,21.0,,0.3333,,,True
2061,EL_to_NBA,0,EuroLeague,2014,20,Forward,206.0,False,0,22.0,16.5409,6.0,0.572,38.16,7.7,1.0,24.0,132.0,,0.4762,25.0,,True
2061,NBA_to_EL,1,NBA,2018,25,Forward,206.0,False,0,58.0,20.79,8.0,0.4569,27.6,8.81,1.52,114.0,464.0,8.23,0.5154,33.7,22.09,True
2061,NBA_to_EL,0,NBA,2019,25,Forward,206.0,False,0,53.0,16.43,4.11,0.4771,30.8,4.83,0.79,59.0,218.0,8.0,0.4569,27.6,20.79,True
2067,NBA_to_EL,1,NBA,2010,31,Forward,201.0,False,0,24.0,4.67,1.17,0.2679,12.5,0.67,0.08,2.0,28.0,5.28,0.5233,36.8,17.12,True
2067,NBA_to_EL,0,NBA,2011,31,Forward,201.0,False,0,27.0,9.96,2.04,0.4545,29.6,2.0,0.22,4.0,55.0,1.17,0.2679,12.5,4.67,True
2081,EL_to_NBA,1,EuroLeague,2012,20,Center,212.0,False,0,6.0,,,0.6875,100.0,,,2.0,8.0,,,,,False
2087,NBA_to_EL,1,NBA,2010,29,Forward,206.0,False,0,54.0,12.09,3.85,0.4519,0.0,4.15,0.98,45.0,208.0,3.08,0.384,43.8,9.22,True
2087,EL_to_NBA,0,EuroLeague,2012,30,Forward,206.0,False,0,25.0,12.8047,4.0,0.555,50.0,5.1,0.8,22.0,100.0,,,,,False
2106,NBA_to_EL,1,NBA,2010,29,Center,206.0,False,0,42.0,16.98,4.31,0.453,0.0,4.71,0.88,46.0,181.0,2.24,0.5207,0.0,11.06,True
2106,NBA_to_EL,0,NBA,2011,29,Center,206.0,False,0,58.0,22.0,3.47,0.4776,0.0,4.62,1.14,104.0,201.0,4.31,0.453,0.0,16.98,True
2113,NBA_to_EL,1,NBA,2011,29,Guard,188.0,False,0,4.0,7.5,3.5,0.3571,22.2,2.5,1.25,0.0,14.0,,,,,False
2125,NBA_to_EL,1,NBA,2011,26,Forward,208.0,False,0,14.0,6.29,2.36,0.3182,33.3,1.57,0.29,2.0,33.0,5.33,0.25,0.0,11.0,True
2134,NBA_to_EL,1,NBA,2011,26,Guard,193.0,False,0,57.0,17.35,5.19,0.5017,34.6,5.46,0.28,22.0,296.0,4.21,0.616,42.2,13.91,True
2134,NBA_to_EL,0,NBA,2012,26,Guard,193.0,False,0,16.0,10.31,3.69,0.4492,36.7,3.44,0.38,3.0,59.0,5.19,0.5017,34.6,17.35,True
2148,NBA_to_EL,0,NBA,2012,25,Guard,198.0,False,0,41.0,9.93,2.73,0.4375,28.0,2.9,0.46,29.0,112.0,,,,,False
2178,EL_to_NBA,1,EuroLeague,2013,29,Center,217.0,False,0,26.0,10.1205,2.4,0.619,66.67,3.5,0.4,22.0,63.0,,,,,False
2178,EL_to_NBA,0,EuroLeague,2014,29,Center,217.0,False,0,9.0,,,0.6,,,,21.0,25.0,2.4,0.619,66.67,10.1205,True
2178,NBA_to_EL,1,NBA,2017,33,Center,217.0,False,0,61.0,11.95,2.25,0.6423,0.0,3.51,0.64,66.0,137.0,1.88,0.646,33.3,12.4,True
2178,NBA_to_EL,0,NBA,2018,33,Center,217.0,False,0,36.0,11.08,3.11,0.5402,32.4,3.92,0.58,32.0,112.0,2.25,0.6423,0.0,11.95,True
2179,NBA_to_EL,1,NBA,2011,33,Forward,203.0,False,0,8.0,15.38,3.0,0.3333,20.0,2.25,1.0,2.0,24.0,4.72,0.4735,28.4,19.1,True
2184,NBA_to_EL,1,NBA,2011,34,Forward,208.0,False,0,50.0,20.54,6.98,0.3926,25.2,6.64,1.04,98.0,349.0,10.89,0.5677,38.2,32.18,True
2184,NBA_to_EL,0,NBA,2012,34,Forward,208.0,False,0,82.0,19.71,4.46,0.4235,20.0,4.02,1.05,42.0,366.0,6.98,0.3926,25.2,20.54,True
2187,EL_to_NBA,1,EuroLeague,2015,22,Forward,204.0,False,0,23.0,19.9717,6.2,0.535,38.03,7.9,0.8,38.0,143.0,5.5,0.4636,30.3,19.3142,True
2187,EL_to_NBA,0,EuroLeague,2016,22,Forward,204.0,False,0,35.0,18.5524,6.1,0.493,33.96,7.1,0.5,47.0,215.0,6.2,0.535,38.03,19.9717,True
2187,NBA_to_EL,1,NBA,2022,29,Forward,204.0,False,0,77.0,20.1,6.88,0.5604,37.2,8.69,0.68,108.0,530.0,8.67,0.5437,35.7,22.15,True
2187,NBA_to_EL,0,NBA,2023,29,Forward,204.0,False,0,72.0,17.62,5.33,0.5911,38.9,6.79,0.65,52.0,384.0,6.88,0.5604,37.2,20.1,True
2201,EL_to_NBA,0,EuroLeague,2020,35,Forward,213.0,False,0,23.0,18.6312,4.1,0.5691,45.76,5.3,0.4,21.0,94.0,,,,,False
2201,EL_to_NBA,0,EuroLeague,2021,36,Forward,213.0,False,0,14.0,,,0.5357,38.1,,,2.0,28.0,4.1,0.5691,45.76,18.6312,True
2230,NBA_to_EL,1,NBA,2012,25,Guard,196.0,False,0,73.0,12.49,4.59,0.4851,27.3,5.4,0.95,94.0,335.0,11.43,0.4648,31.3,29.43,True
2230,NBA_to_EL,0,NBA,2013,25,Guard,196.0,False,0,10.0,7.3,2.4,0.4167,50.0,3.1,0.7,14.0,24.0,4.59,0.4851,27.3,12.49,True
2232,NBA_to_EL,0,NBA,2013,25,Guard,191.0,False,0,14.0,10.43,3.43,0.3646,29.4,3.07,0.71,9.0,48.0,,,,,False
2232,NBA_to_EL,1,NBA,2017,30,Guard,191.0,False,0,29.0,14.72,6.83,0.452,33.3,7.41,1.34,41.0,198.0,,,,,False
2251,NBA_to_EL,0,NBA,2013,32,Forward,201.0,False,0,5.0,6.8,1.6,0.375,0.0,1.2,0.2,0.0,8.0,,,,,False
2255,NBA_to_EL,1,NBA,2012,27,Guard,190.0,False,0,28.0,7.14,1.61,0.4,26.1,2.04,0.64,27.0,45.0,,,,,False
2266,EL_to_NBA,1,EuroLeague,2015,20,Guard,202.0,False,0,19.0,8.82632,2.5,0.5109,42.31,2.7,0.4,7.0,46.0,2.6,0.5306,41.38,10.7404,True
2266,EL_to_NBA,0,EuroLeague,2016,20,Guard,202.0,False,0,2.0,,,0.2,,,,0.0,5.0,2.5,0.5109,42.31,8.82632,True
2266,NBA_to_EL,1,NBA,2022,27,Guard,202.0,False,0,37.0,9.54,3.0,0.5135,39.1,3.78,0.65,36.0,111.0,7.01,0.4691,28.9,21.1,True
2266,NBA_to_EL,0,NBA,2023,27,Guard,202.0,False,0,35.0,8.57,2.17,0.4868,35.0,2.51,0.29,20.0,76.0,3.0,0.5135,39.1,9.54,True
2292,EL_to_NBA,1,EuroLeague,2014,25,Guard,201.0,False,0,27.0,19.2247,5.0,0.5373,39.13,7.2,1.0,60.0,134.0,,,,,False
2292,EL_to_NBA,0,EuroLeague,2015,25,Guard,201.0,False,0,29.0,24.4713,6.8,0.5606,36.62,9.0,1.6,53.0,198.0,5.0,0.5373,39.13,19.2247,True
2292,NBA_to_EL,1,NBA,2020,31,Guard,201.0,False,0,58.0,22.53,5.67,0.5775,35.6,7.71,1.66,79.0,329.0,8.48,0.4882,32.2,28.89,True
2292,NBA_to_EL,0,NBA,2021,31,Guard,201.0,False,0,32.0,15.03,3.34,0.3224,16.1,2.75,0.72,25.0,107.0,5.67,0.5775,35.6,22.53,True
2296,NBA_to_EL,1,NBA,2012,26,Guard,188.0,False,0,40.0,7.2,2.85,0.3947,21.4,2.75,0.72,28.0,114.0,4.09,0.4083,28.9,12.3,True
2298,NBA_to_EL,0,NBA,2013,24,Forward,202.0,False,0,1.0,3.0,3.0,0.0,0.0,0.0,0.0,0.0,3.0,,,,,False
2314,NBA_to_EL,0,NBA,2013,26,Forward,203.0,False,0,8.0,15.75,4.38,0.6,0.0,6.0,0.62,15.0,35.0,,,,,False
2325,NBA_to_EL,0,NBA,2014,26,Guard,196.0,False,0,5.0,8.4,2.6,0.6538,71.4,3.6,0.8,2.0,13.0,5.03,0.4703,29.6,17.27,True
2327,NBA_to_EL,0,NBA,2014,24,Forward,206.0,False,0,16.0,5.44,1.38,0.4091,0.0,1.69,0.19,21.0,22.0,,,,,False
2327,EL_to_NBA,1,EuroLeague,2015,26,Forward,206.0,False,0,14.0,,,0.6,,,,44.0,50.0,,,,,False
2336,EL_to_NBA,0,EuroLeague,2015,19,Forward,211.0,False,0,7.0,,,0.3889,25.0,,,2.0,18.0,,,,,False
2336,NBA_to_EL,1,NBA,2018,23,Forward,211.0,False,0,46.0,17.96,4.28,0.5025,21.8,5.0,0.8,54.0,197.0,5.9,0.5083,36.6,25.23,True
2336,NBA_to_EL,0,NBA,2019,23,Forward,211.0,False,0,7.0,13.0,3.0,0.5714,44.4,3.71,0.71,3.0,21.0,4.28,0.5025,21.8,17.96,True
2355,NBA_to_EL,1,NBA,2013,28,Center,213.0,False,0,20.0,2.95,0.75,0.5333,0.0,1.0,0.3,8.0,15.0,1.84,0.7174,0.0,8.96,True
2361,NBA_to_EL,1,NBA,2013,25,Forward,203.0,False,0,45.0,16.07,3.69,0.5151,32.5,4.44,0.49,36.0,166.0,2.08,0.5093,39.3,13.35,True
2361,NBA_to_EL,0,NBA,2014,25,Forward,203.0,False,0,5.0,8.6,1.4,0.1429,0.0,0.4,0.2,0.0,7.0,3.69,0.5151,32.5,16.07,True
2361,EL_to_NBA,1,EuroLeague,2015,27,Forward,203.0,False,0,24.0,24.8049,7.2,0.5603,40.26,9.4,1.3,33.0,174.0,,,,,False
2361,EL_to_NBA,0,EuroLeague,2016,27,Forward,203.0,False,0,30.0,27.1389,9.2,0.5719,41.06,12.2,1.5,54.0,278.0,7.2,0.5603,40.26,24.8049,True
2364,NBA_to_EL,1,NBA,2018,21,Guard,206.0,False,0,9.0,4.33,2.44,0.4318,10.0,2.11,0.44,2.0,22.0,,,,,False
2364,NBA_to_EL,0,NBA,2019,21,Guard,206.0,False,0,40.0,12.18,4.3,0.4273,24.4,4.8,0.9,60.0,172.0,2.44,0.4318,10.0,4.33,True
2369,NBA_to_EL,1,NBA,2013,28,Center,206.0,False,0,3.0,8.33,1.33,0.25,0.0,1.0,0.33,2.0,4.0,,,,,False
2369,NBA_to_EL,0,NBA,2014,28,Center,206.0,False,0,6.0,11.33,2.33,0.8571,0.0,4.5,0.33,8.0,14.0,1.33,0.25,0.0,8.33,True
2369,EL_to_NBA,0,EuroLeague,2015,29,Center,206.0,False,0,10.0,,,0.4375,,,,16.0,32.0,,,,,False
2371,EL_to_NBA,0,EuroLeague,2015,19,Center,220.0,False,0,6.0,,,0.3077,,,,2.0,13.0,,,,,False
2371,NBA_to_EL,1,NBA,2016,21,Center,220.0,False,0,22.0,16.14,4.64,0.549,0.0,5.64,1.09,14.0,102.0,,,,,False
2371,NBA_to_EL,0,NBA,2017,21,Center,220.0,False,0,16.0,7.38,2.56,0.4146,0.0,2.12,0.5,0.0,41.0,4.64,0.549,0.0,16.14,True
2380,EL_to_NBA,1,EuroLeague,2015,25,Center,204.0,False,0,24.0,19.5653,6.4,0.5817,38.89,9.2,1.0,55.0,153.0,,,,,False
2380,EL_to_NBA,0,EuroLeague,2016,25,Center,204.0,False,0,30.0,19.7411,6.5,0.6392,41.03,9.6,1.1,55.0,194.0,6.4,0.5817,38.89,19.5653,True
2380,NBA_to_EL,0,NBA,2023,32,Center,204.0,False,0,1.0,8.0,4.0,0.25,0.0,2.0,0.0,0.0,4.0,6.29,0.5,18.2,15.57,True
2380,NBA_to_EL,0,NBA,2024,33,Center,204.0,False,0,38.0,16.34,3.39,0.5078,24.3,4.26,0.66,37.0,129.0,4.0,0.25,0.0,8.0,True
2386,NBA_to_EL,1,NBA,2013,27,Center,206.0,False,0,23.0,14.65,2.61,0.6,0.0,4.3,0.43,52.0,60.0,0.8,0.5,0.0,3.6,True
2399,NBA_to_EL,0,NBA,2015,23,Forward,203.0,False,0,19.0,4.42,1.42,0.3519,21.4,1.47,0.21,10.0,27.0,5.21,0.4327,30.4,15.68,True
2435,EL_to_NBA,1,EuroLeague,2018,19,Guard,213.0,False,0,2.0,,,,,,,2.0,3.0,,,,,False
2435,EL_to_NBA,0,EuroLeague,2019,19,Guard,213.0,False,0,1.0,,,,,,,0.0,1.0,,,,,True
2435,NBA_to_EL,1,NBA,2022,23,Guard,213.0,False,0,34.0,20.62,7.32,0.51,36.5,8.12,1.26,35.0,249.0,7.48,0.4704,28.9,20.21,True
2435,NBA_to_EL,0,NBA,2023,23,Guard,213.0,False,0,10.0,6.0,1.6,0.3125,18.2,1.2,0.3,4.0,16.0,7.32,0.51,36.5,20.62,True
2438,EL_to_NBA,0,EuroLeague,2018,20,Center,212.0,False,0,13.0,,,0.5753,31.25,,,70.0,93.0,,,,,False
2442,NBA_to_EL,1,NBA,2016,24,Forward,204.0,False,0,12.0,4.42,1.33,0.5938,25.0,1.83,0.17,6.0,16.0,,,,,False
2442,NBA_to_EL,0,NBA,2017,24,Forward,204.0,False,0,6.0,6.33,1.0,0.5,0.0,1.5,0.33,6.0,6.0,1.33,0.5938,25.0,4.42,True
2470,EL_to_NBA,0,EuroLeague,2018,24,Center,216.0,False,0,22.0,16.8705,6.0,0.4886,14.29,7.2,0.6,52.0,132.0,,,,,False
2472,EL_to_NBA,1,EuroLeague,2018,19,Guard,205.0,False,0,8.0,,,0.537,50.0,,,2.0,27.0,,,,,False
2472,EL_to_NBA,0,EuroLeague,2019,19,Guard,205.0,False,0,26.0,14.2846,3.6,0.5053,27.66,4.0,0.7,18.0,94.0,,0.537,50.0,,True
2511,NBA_to_EL,1,NBA,2017,24,Forward,201.0,False,0,33.0,7.12,1.85,0.5246,32.4,2.39,0.36,22.0,61.0,,,,,False
2511,NBA_to_EL,0,NBA,2018,24,Forward,201.0,False,0,41.0,6.12,1.88,0.513,32.1,2.29,0.37,22.0,77.0,1.85,0.5246,32.4,7.12,True
2511,EL_to_NBA,1,EuroLeague,2022,29,Forward,201.0,False,0,29.0,23.7937,6.7,0.5918,42.11,9.7,1.0,69.0,196.0,8.8,0.5852,40.15,27.594,True
2511,EL_to_NBA,0,EuroLeague,2023,29,Forward,201.0,False,0,27.0,23.5895,6.2,0.6696,46.05,10.5,0.9,68.0,168.0,6.7,0.5918,42.11,23.7937,True
2530,NBA_to_EL,1,NBA,2017,29,Center,211.0,False,0,39.0,10.74,3.08,0.6708,50.0,4.95,0.49,55.0,120.0,4.01,0.5702,25.0,14.52,True
2580,EL_to_NBA,0,EuroLeague,2019,19,Guard,193.0,False,0,22.0,17.6833,5.7,0.528,36.73,7.4,1.9,45.0,125.0,,,,,False
2580,NBA_to_EL,1,NBA,2022,23,Guard,193.0,False,0,44.0,19.41,5.77,0.4567,29.5,6.7,1.34,74.0,254.0,6.22,0.4448,29.3,17.8,True
2580,NBA_to_EL,0,NBA,2023,23,Guard,193.0,False,0,13.0,15.38,5.08,0.3258,16.7,4.15,1.15,12.0,66.0,5.77,0.4567,29.5,19.41,True
2616,EL_to_NBA,0,EuroLeague,2020,27,Guard,193.0,False,0,15.0,,,0.6667,43.64,,,24.0,117.0,,,,,False
2616,NBA_to_EL,0,NBA,2021,28,Guard,193.0,False,0,4.0,11.0,4.75,0.3421,37.5,3.25,0.75,0.0,19.0,,,,,False
2669,EL_to_NBA,1,EuroLeague,2023,20,Guard,198.0,False,0,2.0,,,0.375,,,,1.0,8.0,,,,,True
2678,EL_to_NBA,1,EuroLeague,2022,19,Forward,206.0,False,0,18.0,,,0.5851,38.89,,,5.0,47.0,,0.75,100.0,,True
2746,NBA_to_EL,1,NBA,2019,26,Guard,196.0,False,0,4.0,7.0,3.0,0.3333,33.3,2.75,0.75,4.0,12.0,,,,,False
2780,NBA_to_EL,1,NBA,2020,23,Guard,201.0,False,0,4.0,1.75,0.25,0.0,0.0,0.5,0.25,2.0,1.0,2.44,0.2955,11.1,5.89,True
2780,NBA_to_EL,0,NBA,2021,23,Guard,201.0,False,0,42.0,12.76,4.48,0.5027,31.0,5.0,0.4,32.0,188.0,0.25,0.0,0.0,1.75,True
2797,NBA_to_EL,1,NBA,2020,22,Forward,206.0,False,0,15.0,5.6,1.8,0.4815,40.0,1.87,0.33,6.0,27.0,2.86,0.5375,23.1,9.93,True
2815,NBA_to_EL,0,NBA,2021,23,Forward,197.0,False,0,12.0,5.92,1.33,0.4062,33.3,1.08,0.08,2.0,16.0,,,,,False
2842,EL_to_NBA,1,EuroLeague,2023,19,Guard,193.0,False,0,1.0,,,1.0,,,,0.0,1.0,,,,,False
2904,NBA_to_EL,1,NBA,2022,24,Center,208.0,False,0,7.0,23.0,8.14,0.5263,25.8,9.86,1.43,13.0,57.0,,,,,False
2904,NBA_to_EL,0,NBA,2023,24,Center,208.0,False,0,43.0,9.4,3.67,0.4209,20.3,4.12,0.65,56.0,158.0,8.14,0.5263,25.8,23.0,True
2956,NBA_to_EL,1,NBA,2022,31,Forward,193.0,False,0,5.0,24.0,7.2,0.4583,30.0,8.8,1.2,15.0,36.0,3.0,0.3333,0.0,11.5,True
2956,NBA_to_EL,0,NBA,2023,31,Forward,193.0,False,0,3.0,2.0,0.67,0.5,0.0,0.67,0.0,0.0,2.0,7.2,0.4583,30.0,24.0,True
2983,NBA_to_EL,0,NBA,2024,31,Guard,191.0,False,0,72.0,15.14,6.19,0.5056,36.3,6.94,0.72,54.0,446.0,4.72,0.5721,39.7,14.94,True
2985,NBA_to_EL,1,NBA,2023,28,Center,198.0,False,0,43.0,9.14,3.88,0.524,28.3,4.81,0.49,49.0,167.0,4.09,0.5106,25.8,11.83,True
2995,NBA_to_EL,1,NBA,2023,28,Guard,192.0,False,0,4.0,16.75,5.25,0.4762,25.0,5.0,0.25,0.0,21.0,1.2,0.25,20.0,5.6,True
3019,NBA_to_EL,1,NBA,2023,30,Forward,206.0,False,0,58.0,19.97,5.53,0.5763,38.4,7.22,0.66,70.0,321.0,5.51,0.565,36.3,16.85,True
3019,NBA_to_EL,0,NBA,2024,30,Forward,206.0,False,0,69.0,19.57,5.42,0.5281,34.0,6.54,0.57,80.0,374.0,5.53,0.5763,38.4,19.97,True
3035,NBA_to_EL,1,NBA,2023,27,Forward,196.0,False,0,2.0,2.5,1.0,0.5,0.0,1.0,0.5,0.0,2.0,6.7,0.58,23.8,17.79,True
3042,NBA_to_EL,1,NBA,2023,28,Center,210.0,False,0,3.0,5.33,1.67,0.8,0.0,4.0,0.0,6.0,5.0,2.27,0.55,33.3,8.0,True
3046,NBA_to_EL,0,NBA,2024,28,Forward,203.0,False,0,13.0,10.46,2.0,0.4615,26.7,1.85,0.85,0.0,26.0,,,,,False
