spec,threshold,subset,group,metric,n,n_players,mean_delta,sd_delta,median_delta,ci_lo,ci_hi,rank_biserial,wilcoxon_p,mean_pre,mean_post
harmonised,50,all,ALL,efg,46,16,-0.006665830412265853,0.08672288175875623,-0.022006738501728296,-0.03127304358572036,0.017790180437226657,-0.08695652173913043,0.5807290955643225,0.49416778120569993,0.48750195079343406
harmonised,50,all,ALL,pps,46,16,-0.013331660824531705,0.17344576351751245,-0.04401347700345659,-0.06254608717144072,0.035580360874453314,-0.08695652173913043,0.5807290955643225,0.9883355624113999,0.9750039015868681
harmonised,50,all,ALL,sxsv,46,16,-0.02602591644390353,0.09971039050262843,-0.010065759021444742,-0.056499105425109254,-3.88956578374423e-05,-0.21739130434782608,0.16344028876872585,1.0219784933754887,0.9959525769315851
harmonised,50,all,ALL,smoe,46,16,0.0036600949267367035,0.06035321238690963,0.003913119590638466,-0.01376742549255107,0.020144258615844162,0.08695652173913043,0.4350899118340976,-0.0124711395136825,-0.008811044586945802
harmonised,50,all,ALL,three_rate,46,16,0.002617571743849312,0.19228259913805593,0.011985191692150059,-0.051816497086305154,0.05740185639112767,0.1111111111111111,0.7221716931581559,0.3985123754837453,0.4011299472275944
harmonised,50,all,ALL,mean_dist,46,16,0.050510317631786206,1.0889372303684295,0.07663895431472545,-0.26797146785867154,0.3617269832940012,0.13043478260869565,0.6415382537348648,4.690821743892404,4.741332061524189
harmonised,50,all,ALL,pps_over_sxsv,46,16,0.012694255619371826,0.1505441574807407,0.013579928684480103,-0.030296306351837495,0.05356025079436449,0.08695652173913043,0.32870388780955295,-0.03364293096408887,-0.020948675344717036
harmonised,50,all,EL_to_NBA,efg,22,11,-0.030873850840458995,0.09383338523838061,-0.047830175672627956,-0.06896468588976437,0.008214330991034646,-0.36363636363636365,0.11287164688110352,0.5203164364662505,0.48944258562579157
harmonised,50,all,EL_to_NBA,pps,22,11,-0.06174770168091799,0.18766677047676122,-0.09566035134525591,-0.13792937177952874,0.01642866198206929,-0.36363636363636365,0.11287164688110352,1.040632872932501,0.9788851712515831
harmonised,50,all,EL_to_NBA,sxsv,22,11,0.0011614084075018607,0.07361952613227267,-1.57149046506877e-05,-0.03012546068453547,0.030761094480108876,0.0,0.9492697715759277,1.033071934937845,1.034233343345347
harmonised,50,all,EL_to_NBA,smoe,22,11,-0.025309461565974155,0.06335467186692369,-0.016262861935371242,-0.05078899834549313,-0.0004531679271182437,-0.36363636363636365,0.09173250198364258,0.006050744341572306,-0.019258717224401842
harmonised,50,all,EL_to_NBA,three_rate,22,11,-0.041789988594337225,0.18745629084210738,-0.034736553675313114,-0.11937890310713971,0.03625631098898227,-0.09090909090909091,0.4434065818786621,0.5140964404587971,0.47230645186445985
harmonised,50,all,EL_to_NBA,mean_dist,22,11,-0.16790730410103522,1.0878837059754443,-0.09465616552129408,-0.6315870370174335,0.2850596654605238,-0.09090909090909091,0.5660676956176758,5.1170968532804615,4.949189549179426
harmonised,50,all,EL_to_NBA,pps_over_sxsv,22,11,-0.06290911008841986,0.15628266936155663,-0.05485076221494589,-0.12611749898806113,-0.0015417147637960774,-0.45454545454545453,0.06341934204101562,0.0075609379946555595,-0.05534817209376428
harmonised,50,all,NBA_to_EL,efg,24,14,0.015524854980244529,0.07484156425687838,0.011623975045696094,-0.014660887554722854,0.04541014775495794,0.16666666666666666,0.3902466297149658,0.47019818055019535,0.4857230355304399
harmonised,50,all,NBA_to_EL,pps,24,14,0.031049709960489058,0.14968312851375676,0.02324795009139219,-0.029321775109445707,0.09082029550991588,0.16666666666666666,0.3902466297149658,0.9403963611003907,0.9714460710608798
harmonised,50,all,NBA_to_EL,sxsv,24,14,-0.05094763089102514,0.11466648107927199,-0.02335616895719922,-0.10077176004559601,-0.011150340976442142,-0.4166666666666667,0.04906117916107178,1.011809505276662,0.9608618743856369
harmonised,50,all,NBA_to_EL,smoe,24,14,0.03021552171172165,0.04385505105664236,0.03762993677371746,0.013334700812544223,0.04696941857767325,0.5,0.002814650535583496,-0.029449533047666076,0.0007659886640555778
harmonised,50,all,NBA_to_EL,three_rate,24,14,0.04332450205385364,0.19141076193740023,0.02724089635854341,-0.03274123182654257,0.11834019509286083,0.30434782608695654,0.144312678876656,0.29256031592328086,0.3358848179771345
harmonised,50,all,NBA_to_EL,mean_dist,24,14,0.25072647088687255,1.0732998518633845,0.08242357314287219,-0.17474870115323363,0.6533914648673301,0.3333333333333333,0.2405325174331665,4.300069560286685,4.550796031173558
harmonised,50,all,NBA_to_EL,pps_over_sxsv,24,14,0.0819973408515142,0.10752766769106978,0.11098233636302968,0.04072966432613734,0.1247907138418106,0.5833333333333334,0.0007423162460327148,-0.07141314417627125,0.010584196675242944
harmonised,100,all,ALL,efg,31,11,-0.022632643198224504,0.07692341221312525,-0.023645546372819126,-0.0489116322546419,0.003785630550659352,-0.0967741935483871,0.1756664952263236,0.5156564030984959,0.4930237599002715
harmonised,100,all,ALL,pps,31,11,-0.04526528639644901,0.1538468244262505,-0.04729109274563825,-0.0978232645092838,0.007571261101318704,-0.0967741935483871,0.1756664952263236,1.0313128061969918,0.986047519800543
harmonised,100,all,ALL,sxsv,31,11,-0.009175735263925395,0.059952454568432574,-0.002178282240671292,-0.031196536618444726,0.01108999572488043,-0.0967741935483871,0.529405927285552,1.0345107262701991,1.025334991006274
harmonised,100,all,ALL,smoe,31,11,-0.015141174152113525,0.057999044993922465,-0.012183975891659257,-0.03544535489964299,0.004494980362764832,-0.0967741935483871,0.3271495960652828,0.0008280464096293001,-0.014313127742484229
harmonised,100,all,ALL,three_rate,31,11,-0.023831080077031056,0.18923091185205462,0.01364379084967321,-0.08990181925434576,0.03919078657647972,0.0967741935483871,0.8091655615717173,0.46534817335775336,0.44151709328072236
harmonised,100,all,ALL,mean_dist,31,11,-0.09334985751821391,1.026319228397486,0.038577132299749906,-0.4524610881248386,0.254654313483328,0.03225806451612903,0.8392556216567755,4.939947500457075,4.84659764293886
harmonised,100,all,ALL,pps_over_sxsv,31,11,-0.0360895511325236,0.1425397207407026,-0.028167247663406947,-0.08534122124958331,0.012297278022571903,-0.16129032258064516,0.34684528410434723,-0.003197920073207434,-0.03928747120573103
harmonised,100,all,EL_to_NBA,efg,19,11,-0.05131319806133359,0.07784106480128654,-0.048648648648648596,-0.08446148976493226,-0.016436700757589875,-0.47368421052631576,0.012359619140625,0.540353170634379,0.48903997257304554
harmonised,100,all,EL_to_NBA,pps,19,11,-0.10262639612266718,0.15568212960257308,-0.09729729729729719,-0.16892297952986451,-0.03287340151517975,-0.47368421052631576,0.012359619140625,1.080706341268758,0.9780799451460911
harmonised,100,all,EL_to_NBA,sxsv,19,11,-0.011537497397485698,0.06478250795401025,-0.0019875076262589886,-0.041805373280092074,0.01576353045676316,-0.05263157894736842,0.6225624084472656,1.0370726511688921,1.0255351537714066
harmonised,100,all,EL_to_NBA,smoe,19,11,-0.03545313000969803,0.05980596780852273,-0.030449708687751133,-0.061483098354005526,-0.009226821491289443,-0.47368421052631576,0.020412445068359375,0.019674531063919705,-0.015778598945778332
harmonised,100,all,EL_to_NBA,three_rate,19,11,-0.028286946596767473,0.1942357503322879,-0.00046379321006739804,-0.11445018734726498,0.057530641164270827,-0.05263157894736842,0.70855712890625,0.48633838225383313,0.45805143565706546
harmonised,100,all,EL_to_NBA,mean_dist,19,11,-0.045503965526679215,1.0436714741800246,-0.009434677725586482,-0.49990733194220316,0.42828403102213486,-0.05263157894736842,0.8905677795410156,4.975963783728513,4.930459818201833
harmonised,100,all,EL_to_NBA,pps_over_sxsv,19,11,-0.09108889872518149,0.14395848478599116,-0.0826689004131167,-0.15238579889561674,-0.02833947547303256,-0.6842105263157895,0.00945281982421875,0.04363369009986592,-0.04745520862531557
harmonised,100,all,NBA_to_EL,efg,12,8,0.022778235335031566,0.05052046458285255,0.018682940561595807,-0.003946495448982589,0.050008362791454306,0.5,0.17626953125,0.4765531878333477,0.49933142316837936
harmonised,100,all,NBA_to_EL,pps,12,8,0.04555647067006313,0.1010409291657051,0.03736588112319161,-0.007892990897965179,0.10001672558290861,0.5,0.17626953125,0.9531063756666954,0.9986628463367587
harmonised,100,all,NBA_to_EL,sxsv,12,8,-0.0054362785524549135,0.05394711322270388,-0.006771027421781706,-0.035059175902237755,0.023236998317572068,-0.16666666666666666,0.791015625,1.0304543451806023,1.0250180666281477
harmonised,100,all,NBA_to_EL,smoe,12,8,0.01701942262239527,0.03847611441330008,0.024128744299165644,-0.004394823733252659,0.036773206334196826,0.5,0.12939453125,-0.02901222095966384,-0.011992798337268561
harmonised,100,all,NBA_to_EL,three_rate,12,8,-0.0167759580874484,0.18930017580175074,0.04976644373965805,-0.1267488878787934,0.07932119665743996,0.3333333333333333,0.67724609375,0.4321136759389606,0.41533771785151224
harmonised,100,all,NBA_to_EL,mean_dist,12,8,-0.1691058531714772,1.039277245374556,0.05888757971828085,-0.7656994754834838,0.36883266914423296,0.16666666666666666,0.9697265625,4.882921718610631,4.7138158654391535
harmonised,100,all,NBA_to_EL,pps_over_sxsv,12,8,0.05099274922251804,0.08945328014366041,0.06164546954926198,0.0012759614086169317,0.09638002300655205,0.6666666666666666,0.05224609375,-0.07734796951390689,-0.02635522029138886
harmonised,150,all,ALL,efg,19,9,-0.04212522498401282,0.07370821781850012,-0.04754378887356975,-0.07529492835563331,-0.010346768067758793,-0.3684210526315789,0.02298736572265625,0.5380384577290359,0.49591323274502325
harmonised,150,all,ALL,pps,19,9,-0.08425044996802564,0.14741643563700024,-0.0950875777471395,-0.15058985671126662,-0.020693536135517585,-0.3684210526315789,0.02298736572265625,1.0760769154580718,0.9918264654900465
harmonised,150,all,ALL,sxsv,19,9,-0.009001901664296088,0.06390987886592704,-0.0019875076262589886,-0.0397110268225756,0.01706020301224408,-0.05263157894736842,0.7982521057128906,1.0576354284884644,1.0486335268241682
harmonised,150,all,ALL,smoe,19,9,-0.027191917585201744,0.05286499749761202,-0.01732953835041851,-0.05102081703523894,-0.004720488260857753,-0.3684210526315789,0.044559478759765625,0.0061997770908667265,-0.020992140494335024
harmonised,150,all,ALL,three_rate,19,9,0.025072197732516736,0.16265519625617245,0.02428355957767722,-0.05025054323459925,0.09287053815707785,0.15789473684210525,0.312408447265625,0.4705775668294332,0.49564976456194987
harmonised,150,all,ALL,mean_dist,19,9,0.1656441612310013,0.9627752293962869,0.12110910233915373,-0.2775678298132899,0.570754869079473,0.15789473684210525,0.312408447265625,4.779965565152778,4.94560972638378
harmonised,150,all,ALL,pps_over_sxsv,19,9,-0.07524854830372955,0.12826046579652695,-0.06778321797893727,-0.13269337527934272,-0.0203052659827142,-0.5789473684210527,0.0180816650390625,0.01844148696960765,-0.0568070613341219
harmonised,150,all,EL_to_NBA,efg,15,9,-0.062349003886894655,0.06559333254144234,-0.048648648648648596,-0.09751873583351588,-0.03158232609562247,-0.6,0.00115966796875,0.5532543325094804,0.4909053286225858
harmonised,150,all,EL_to_NBA,pps,15,9,-0.12469800777378931,0.13118666508288468,-0.09729729729729719,-0.19503747166703175,-0.06316465219124494,-0.6,0.00115966796875,1.1065086650189608,0.9818106572451716
harmonised,150,all,EL_to_NBA,sxsv,15,9,-0.018596129160176035,0.06791533322189608,-0.008225763916401618,-0.05154491806022435,0.013163473328585489,-0.2,0.389404296875,1.0603673210806772,1.041771191920501
harmonised,150,all,EL_to_NBA,smoe,15,9,-0.038431444822203654,0.0487930255713876,-0.030449708687751133,-0.06435860999419514,-0.01578913957449263,-0.6,0.0042724609375,0.016884435305726895,-0.021547009516476756
harmonised,150,all,EL_to_NBA,three_rate,15,9,0.04403678685548117,0.1421754361729271,0.02428355957767722,-0.025390851965105654,0.11507608171237238,0.2,0.22930908203125,0.4601803771062535,0.5042171639617345
harmonised,150,all,EL_to_NBA,mean_dist,15,9,0.31406152620580075,0.8520969117875059,0.16871261852368757,-0.10345937076133409,0.727615888124749,0.2,0.1876220703125,4.6970359035811144,5.011097429786916
harmonised,150,all,EL_to_NBA,pps_over_sxsv,15,9,-0.10610187861361325,0.11689767870725545,-0.0826689004131167,-0.16846399998365993,-0.05232931653662226,-0.8666666666666667,0.00042724609375,0.046141343938283605,-0.05996053467532967
harmonised,150,all,NBA_to_EL,efg,4,3,0.03371394590179405,0.05296569027166784,0.038227095985716664,-0.009552467320412567,0.07698035912400067,0.5,0.375,0.4809789273023692,0.5146928732041632
harmonised,150,all,NBA_to_EL,pps,4,3,0.0674278918035881,0.10593138054333567,0.07645419197143333,-0.019104934640825133,0.15396071824800134,0.5,0.375,0.9619578546047384,1.0293857464083265
harmonised,150,all,NBA_to_EL,sxsv,4,3,0.026976451445253707,0.028208194425944178,0.03218755659996192,0.0011385177461193385,0.047603279989679864,0.5,0.25,1.0473908312676656,1.0743672827129194
harmonised,150,all,NBA_to_EL,smoe,4,3,0.014956309553555418,0.051553582722036535,0.025360146531939937,-0.02929108303138705,0.05364742456938103,0.5,0.625,-0.03386769121485893,-0.018911381661303506
harmonised,150,all,NBA_to_EL,three_rate,4,3,-0.046045011478599865,0.23636229404453724,0.04139065415147122,-0.2730847471474276,0.10406822130960064,0.0,1.0,0.5095670282913571,0.46352201681275723
harmonised,150,all,NBA_to_EL,mean_dist,4,3,-0.3909209574244966,1.2845761771114852,-0.038809444525111036,-1.6654195157982734,0.5314660880498945,0.0,0.875,5.090951796046516,4.70003083862202
harmonised,150,all,NBA_to_EL,pps_over_sxsv,4,3,0.040451440358334395,0.1110219740417216,0.06927121606949432,-0.057052870501726805,0.12177316164803942,0.5,0.625,-0.08543297666292718,-0.044981536304592784
harmonised,200,all,ALL,efg,12,6,-0.02535182212260033,0.05030297257664541,-0.04088846335837079,-0.05123191014153802,0.002603832039229198,-0.16666666666666666,0.1513671875,0.5211671034722837,0.4958152813496832
harmonised,200,all,ALL,pps,12,6,-0.05070364424520066,0.10060594515329083,-0.08177692671674158,-0.10246382028307605,0.005207664078458396,-0.16666666666666666,0.1513671875,1.0423342069445674,0.9916305626993664
harmonised,200,all,ALL,sxsv,12,6,-0.02520688068052786,0.0678458075373477,-0.009794768259646869,-0.06332653966311431,0.008933036488438862,-0.16666666666666666,0.423828125,1.0545385200944621,1.0293316394139345
harmonised,200,all,ALL,smoe,12,6,-0.004777372310284737,0.029018742890679274,-0.006816118573409484,-0.019519664390961027,0.011772336335069494,-0.16666666666666666,0.4697265625,-0.007053446917607068,-0.011830819227891809
harmonised,200,all,ALL,three_rate,12,6,0.08986930316549308,0.1323311692823243,0.1237110816045158,0.016239229274954973,0.1568868003306983,0.5,0.0341796875,0.4467870937547686,0.5366563969202617
harmonised,200,all,ALL,mean_dist,12,6,0.5871042405505019,0.7311112221857173,0.7913602826750417,0.17681116463941196,0.9750436494756518,0.5,0.01611328125,4.6551337509421,5.242237991492602
harmonised,200,all,ALL,pps_over_sxsv,12,6,-0.025496763564672797,0.062226175152138845,-0.028701155196573847,-0.05730484923127423,0.010581857247531983,-0.5,0.17626953125,-0.012204313149895054,-0.03770107671456785
harmonised,200,all,EL_to_NBA,efg,10,6,-0.038067605744263724,0.04279593187793563,-0.04838260556016738,-0.06264216580892423,-0.012783249604561094,-0.4,0.02734375,0.5335764473426635,0.49550884159839975
harmonised,200,all,EL_to_NBA,pps,10,6,-0.07613521148852745,0.08559186375587126,-0.09676521112033476,-0.12528433161784847,-0.025566499209122188,-0.4,0.02734375,1.067152894685327,0.9910176831967995
harmonised,200,all,EL_to_NBA,sxsv,10,6,-0.031684851997021236,0.07259306601528943,-0.01897730079274107,-0.07792433781699874,0.008475054745502779,-0.2,0.322265625,1.0620960874808287,1.0304112354838073
harmonised,200,all,EL_to_NBA,smoe,10,6,-0.01266409200062025,0.020898167869026988,-0.013690080705991616,-0.024942637003825378,-0.00010719742241367371,-0.4,0.130859375,0.0001744502400008801,-0.012489641760619369
harmonised,200,all,EL_to_NBA,three_rate,10,6,0.08702951953667157,0.14578344423934503,0.15180420094443667,-0.0021726815060774756,0.1714556246738952,0.4,0.083984375,0.4487353450965549,0.5357648646332265
harmonised,200,all,EL_to_NBA,mean_dist,10,6,0.6259320296456423,0.7844404969342216,0.880984411319413,0.14374031763432837,1.0738992593103664,0.4,0.02734375,4.622243270210225,5.248175299855867
harmonised,200,all,EL_to_NBA,pps_over_sxsv,10,6,-0.04445035949150622,0.044738946358363764,-0.03557668459034763,-0.07107744204968286,-0.01727035763642206,-0.8,0.013671875,0.005056807204498348,-0.039393552287007874
league_specific,50,all,ALL,efg,46,16,-0.006665830412265853,0.08672288175875623,-0.022006738501728296,-0.03127304358572036,0.017790180437226657,-0.08695652173913043,0.5807290955643225,0.49416778120569993,0.48750195079343406
league_specific,50,all,ALL,pps,46,16,-0.013331660824531705,0.17344576351751245,-0.04401347700345659,-0.06254608717144072,0.035580360874453314,-0.08695652173913043,0.5807290955643225,0.9883355624113999,0.9750039015868681
league_specific,50,all,ALL,sxsv,46,16,-0.027034481941754295,0.12141857516122453,-0.01813315729401177,-0.06403497823632769,0.005140431347357333,-0.34782608695652173,0.20712819215054878,1.0166199256443382,0.989585443702584
league_specific,50,all,ALL,smoe,46,16,0.004509373074390044,0.06490676751842606,0.00984370804626123,-0.014080810633600381,0.02268012607639623,0.13043478260869565,0.5298006435543527,-0.010294180140189768,-0.005784807065799721
league_specific,50,all,ALL,three_rate,46,16,0.002617571743849312,0.19228259913805593,0.011985191692150059,-0.051816497086305154,0.05740185639112767,0.1111111111111111,0.7221716931581559,0.3985123754837453,0.4011299472275944
league_specific,50,all,ALL,mean_dist,46,16,0.050510317631786206,1.0889372303684295,0.07663895431472545,-0.26797146785867154,0.3617269832940012,0.13043478260869565,0.6415382537348648,4.690821743892404,4.741332061524189
league_specific,50,all,ALL,pps_over_sxsv,46,16,0.01370282111722259,0.15899754263085,0.03959617064755866,-0.03219606750966232,0.057846574506559126,0.17391304347826086,0.4812016318748249,-0.028284363232938346,-0.01458154211571575
league_specific,50,all,EL_to_NBA,efg,22,11,-0.030873850840458995,0.09383338523838061,-0.047830175672627956,-0.06896468588976437,0.008214330991034646,-0.36363636363636365,0.11287164688110352,0.5203164364662505,0.48944258562579157
league_specific,50,all,EL_to_NBA,pps,22,11,-0.06174770168091799,0.18766677047676122,-0.09566035134525591,-0.13792937177952874,0.01642866198206929,-0.36363636363636365,0.11287164688110352,1.040632872932501,0.9788851712515831
league_specific,50,all,EL_to_NBA,sxsv,22,11,0.0073048996981086274,0.08600386322230395,-0.01118001176248884,-0.027124143523908337,0.04406024377959649,-0.36363636363636365,0.8485937118530273,1.0240366820333622,1.031341581731471
league_specific,50,all,EL_to_NBA,smoe,22,11,-0.027933092878579847,0.05900383023004043,-0.019404242903160326,-0.05188125254413345,-0.005031433971912443,-0.2727272727272727,0.050072669982910156,0.00979142441852348,-0.018141668460056375
league_specific,50,all,EL_to_NBA,three_rate,22,11,-0.041789988594337225,0.18745629084210738,-0.034736553675313114,-0.11937890310713971,0.03625631098898227,-0.09090909090909091,0.4434065818786621,0.5140964404587971,0.47230645186445985
league_specific,50,all,EL_to_NBA,mean_dist,22,11,-0.16790730410103522,1.0878837059754443,-0.09465616552129408,-0.6315870370174335,0.2850596654605238,-0.09090909090909091,0.5660676956176758,5.1170968532804615,4.949189549179426
league_specific,50,all,EL_to_NBA,pps_over_sxsv,22,11,-0.06905260137902663,0.14358749979633173,-0.06726787352000713,-0.12731364395087963,-0.013498424636687089,-0.2727272727272727,0.050072669982910156,0.01659619089913861,-0.052456410479888
league_specific,50,all,NBA_to_EL,efg,24,14,0.015524854980244529,0.07484156425687838,0.011623975045696094,-0.014660887554722854,0.04541014775495794,0.16666666666666666,0.3902466297149658,0.47019818055019535,0.4857230355304399
league_specific,50,all,NBA_to_EL,pps,24,14,0.031049709960489058,0.14968312851375676,0.02324795009139219,-0.029321775109445707,0.09082029550991588,0.16666666666666666,0.3902466297149658,0.9403963611003907,0.9714460710608798
league_specific,50,all,NBA_to_EL,sxsv,24,14,-0.05851224844496198,0.14116881195130704,-0.043506836481977895,-0.11976676414502684,-0.007389979493376627,-0.3333333333333333,0.10738253593444824,1.009821232287733,0.9513089838427712
league_specific,50,all,NBA_to_EL,smoe,24,14,0.03424830019794577,0.05598466385752285,0.025151466898234956,0.013058962280666213,0.055947665504757854,0.5,0.007189035415649414,-0.02870598431901024,0.0055423158789355415
league_specific,50,all,NBA_to_EL,three_rate,24,14,0.04332450205385364,0.19141076193740023,0.02724089635854341,-0.03274123182654257,0.11834019509286083,0.30434782608695654,0.144312678876656,0.29256031592328086,0.3358848179771345
league_specific,50,all,NBA_to_EL,mean_dist,24,14,0.25072647088687255,1.0732998518633845,0.08242357314287219,-0.17474870115323363,0.6533914648673301,0.3333333333333333,0.2405325174331665,4.300069560286685,4.550796031173558
league_specific,50,all,NBA_to_EL,pps_over_sxsv,24,14,0.08956195840545104,0.13446647153905303,0.08723551264647983,0.03853061081559352,0.14160847576737595,0.5833333333333334,0.004810690879821777,-0.06942487118734222,0.020137087218108803
league_specific,100,all,ALL,efg,31,11,-0.022632643198224504,0.07692341221312525,-0.023645546372819126,-0.0489116322546419,0.003785630550659352,-0.0967741935483871,0.1756664952263236,0.5156564030984959,0.4930237599002715
league_specific,100,all,ALL,pps,31,11,-0.04526528639644901,0.1538468244262505,-0.04729109274563825,-0.0978232645092838,0.007571261101318704,-0.0967741935483871,0.1756664952263236,1.0313128061969918,0.986047519800543
league_specific,100,all,ALL,sxsv,31,11,-0.010210644921642522,0.07321293190521252,-0.01726225708444984,-0.035291020332813706,0.01567184070157422,-0.41935483870967744,0.31757172010838985,1.029403736897639,1.0191930919759966
league_specific,100,all,ALL,smoe,31,11,-0.014795402139592937,0.05868076976371698,-0.01686293514017929,-0.03525465835282987,0.005023572466364829,-0.0967741935483871,0.26389263197779655,0.0030988738318734185,-0.01169652830771952
league_specific,100,all,ALL,three_rate,31,11,-0.023831080077031056,0.18923091185205462,0.01364379084967321,-0.08990181925434576,0.03919078657647972,0.0967741935483871,0.8091655615717173,0.46534817335775336,0.44151709328072236
league_specific,100,all,ALL,mean_dist,31,11,-0.09334985751821391,1.026319228397486,0.038577132299749906,-0.4524610881248386,0.254654313483328,0.03225806451612903,0.8392556216567755,4.939947500457075,4.84659764293886
league_specific,100,all,ALL,pps_over_sxsv,31,11,-0.035054641474806476,0.1416228475850298,-0.021566113836661183,-0.08431667207235721,0.012932250454660635,-0.0967741935483871,0.3081742124632001,0.0019090692993527503,-0.033145572175453726
league_specific,100,all,EL_to_NBA,efg,19,11,-0.05131319806133359,0.07784106480128654,-0.048648648648648596,-0.08446148976493226,-0.016436700757589875,-0.47368421052631576,0.012359619140625,0.540353170634379,0.48903997257304554
league_specific,100,all,EL_to_NBA,pps,19,11,-0.10262639612266718,0.15568212960257308,-0.09729729729729719,-0.16892297952986451,-0.03287340151517975,-0.47368421052631576,0.012359619140625,1.080706341268758,0.9780799451460911
league_specific,100,all,EL_to_NBA,sxsv,19,11,-0.007899956852941337,0.07063700291071251,-0.011392838374229441,-0.03788625964580498,0.023901769576662703,-0.47368421052631576,0.3954620361328125,1.03058526186139,1.0226853050084486
league_specific,100,all,EL_to_NBA,smoe,19,11,-0.03732339168841815,0.05677801984310558,-0.02671882193314845,-0.06188567450633113,-0.012949529900604032,-0.47368421052631576,0.01082611083984375,0.022659000251470808,-0.014664391436947345
league_specific,100,all,EL_to_NBA,three_rate,19,11,-0.028286946596767473,0.1942357503322879,-0.00046379321006739804,-0.11445018734726498,0.057530641164270827,-0.05263157894736842,0.70855712890625,0.48633838225383313,0.45805143565706546
league_specific,100,all,EL_to_NBA,mean_dist,19,11,-0.045503965526679215,1.0436714741800246,-0.009434677725586482,-0.49990733194220316,0.42828403102213486,-0.05263157894736842,0.8905677795410156,4.975963783728513,4.930459818201833
league_specific,100,all,EL_to_NBA,pps_over_sxsv,19,11,-0.09472643926972585,0.1349323712308606,-0.07465140901292266,-0.15205518004950902,-0.03581621584805849,-0.47368421052631576,0.00945281982421875,0.05012107940736808,-0.04460535986235776
league_specific,100,all,NBA_to_EL,efg,12,8,0.022778235335031566,0.05052046458285255,0.018682940561595807,-0.003946495448982589,0.050008362791454306,0.5,0.17626953125,0.4765531878333477,0.49933142316837936
league_specific,100,all,NBA_to_EL,pps,12,8,0.04555647067006313,0.1010409291657051,0.03736588112319161,-0.007892990897965179,0.10001672558290861,0.5,0.17626953125,0.9531063756666954,0.9986628463367587
league_specific,100,all,NBA_to_EL,sxsv,12,8,-0.01386923436375273,0.08018692994431399,-0.026786836593238217,-0.0565266782964303,0.029145993141423392,-0.3333333333333333,0.6220703125,1.0275329890383669,1.0136637546746143
league_specific,100,all,NBA_to_EL,smoe,12,8,0.020873914646046987,0.04302779298611706,0.022830618384257234,-0.0034719080294405703,0.04327506648939376,0.5,0.12939453125,-0.027871326332489118,-0.006997411686442131
league_specific,100,all,NBA_to_EL,three_rate,12,8,-0.0167759580874484,0.18930017580175074,0.04976644373965805,-0.1267488878787934,0.07932119665743996,0.3333333333333333,0.67724609375,0.4321136759389606,0.41533771785151224
league_specific,100,all,NBA_to_EL,mean_dist,12,8,-0.1691058531714772,1.039277245374556,0.05888757971828085,-0.7656994754834838,0.36883266914423296,0.16666666666666666,0.9697265625,4.882921718610631,4.7138158654391535
league_specific,100,all,NBA_to_EL,pps_over_sxsv,12,8,0.05942570503381586,0.09497241040952031,0.0684526751650012,0.006006471314010345,0.1074596241244343,0.5,0.05224609375,-0.07442661337167153,-0.015000908337855667
league_specific,150,all,ALL,efg,19,9,-0.04212522498401282,0.07370821781850012,-0.04754378887356975,-0.07529492835563331,-0.010346768067758793,-0.3684210526315789,0.02298736572265625,0.5380384577290359,0.49591323274502325
league_specific,150,all,ALL,pps,19,9,-0.08425044996802564,0.14741643563700024,-0.0950875777471395,-0.15058985671126662,-0.020693536135517585,-0.3684210526315789,0.02298736572265625,1.0760769154580718,0.9918264654900465
league_specific,150,all,ALL,sxsv,19,9,-0.01673867689879677,0.06460621453622531,-0.0190040575035737,-0.04431502742023325,0.011715039330607553,-0.5789473684210527,0.1336212158203125,1.0619617834460622,1.0452231065472657
league_specific,150,all,ALL,smoe,19,9,-0.02434981400027185,0.052378262448416556,-0.021399991924341607,-0.04752650459947857,-0.001181097585253965,-0.3684210526315789,0.06628799438476562,0.0050788737777282475,-0.0192709402225436
league_specific,150,all,ALL,three_rate,19,9,0.025072197732516736,0.16265519625617245,0.02428355957767722,-0.05025054323459925,0.09287053815707785,0.15789473684210525,0.312408447265625,0.4705775668294332,0.49564976456194987
league_specific,150,all,ALL,mean_dist,19,9,0.1656441612310013,0.9627752293962869,0.12110910233915373,-0.2775678298132899,0.570754869079473,0.15789473684210525,0.312408447265625,4.779965565152778,4.94560972638378
league_specific,150,all,ALL,pps_over_sxsv,19,9,-0.06751177306922887,0.12623456502221256,-0.07317040618708703,-0.12357797119948273,-0.01268090335698467,-0.3684210526315789,0.03234100341796875,0.014115132012009557,-0.05339664105721931
league_specific,150,all,EL_to_NBA,efg,15,9,-0.062349003886894655,0.06559333254144234,-0.048648648648648596,-0.09751873583351588,-0.03158232609562247,-0.6,0.00115966796875,0.5532543325094804,0.4909053286225858
league_specific,150,all,EL_to_NBA,pps,15,9,-0.12469800777378931,0.13118666508288468,-0.09729729729729719,-0.19503747166703175,-0.06316465219124494,-0.6,0.00115966796875,1.1065086650189608,0.9818106572451716
league_specific,150,all,EL_to_NBA,sxsv,15,9,-0.026980289599216598,0.0628447826372996,-0.022645888284374527,-0.05615402964561433,0.005502149912579193,-0.7333333333333333,0.041259765625,1.0662518674871713,1.0392715778879547
league_specific,150,all,EL_to_NBA,smoe,15,9,-0.035929686827692,0.04495045024922912,-0.02671882193314845,-0.05965294971320443,-0.015120578710497065,-0.6,0.0042724609375,0.015330995163557147,-0.020598691664134854
league_specific,150,all,EL_to_NBA,three_rate,15,9,0.04403678685548117,0.1421754361729271,0.02428355957767722,-0.025390851965105654,0.11507608171237238,0.2,0.22930908203125,0.4601803771062535,0.5042171639617345
league_specific,150,all,EL_to_NBA,mean_dist,15,9,0.31406152620580075,0.8520969117875059,0.16871261852368757,-0.10345937076133409,0.727615888124749,0.2,0.1876220703125,4.6970359035811144,5.011097429786916
league_specific,150,all,EL_to_NBA,pps_over_sxsv,15,9,-0.0977177181745727,0.11006756403338215,-0.07465140901292266,-0.15604514520615506,-0.04650176722412376,-0.6,0.00152587890625,0.040256797531789755,-0.05746092064278296
league_specific,150,all,NBA_to_EL,efg,4,3,0.03371394590179405,0.05296569027166784,0.038227095985716664,-0.009552467320412567,0.07698035912400067,0.5,0.375,0.4809789273023692,0.5146928732041632
league_specific,150,all,NBA_to_EL,pps,4,3,0.0674278918035881,0.10593138054333567,0.07645419197143333,-0.019104934640825133,0.15396071824800134,0.5,0.375,0.9619578546047384,1.0293857464083265
league_specific,150,all,NBA_to_EL,sxsv,4,3,0.02166737072777758,0.06420109530904179,0.024021789426629636,-0.031154939072159382,0.07448968052771454,0.0,0.625,1.0458739682919045,1.0675413390196822
league_specific,150,all,NBA_to_EL,smoe,4,3,0.019074709102553728,0.062023980454434115,0.031913114301923576,-0.04026796232470441,0.06557897533044202,0.5,0.625,-0.03336658141913014,-0.014291872316576408
league_specific,150,all,NBA_to_EL,three_rate,4,3,-0.046045011478599865,0.23636229404453724,0.04139065415147122,-0.2730847471474276,0.10406822130960064,0.0,1.0,0.5095670282913571,0.46352201681275723
league_specific,150,all,NBA_to_EL,mean_dist,4,3,-0.3909209574244966,1.2845761771114852,-0.038809444525111036,-1.6654195157982734,0.5314660880498945,0.0,0.875,5.090951796046516,4.70003083862202
league_specific,150,all,NBA_to_EL,pps_over_sxsv,4,3,0.04576052107581052,0.1319297526510797,0.09205133917623409,-0.08132270181496404,0.1299389288213717,0.5,0.875,-0.08391611368716617,-0.03815559261135565
league_specific,200,all,ALL,efg,12,6,-0.02535182212260033,0.05030297257664541,-0.04088846335837079,-0.05123191014153802,0.002603832039229198,-0.16666666666666666,0.1513671875,0.5211671034722837,0.4958152813496832
league_specific,200,all,ALL,pps,12,6,-0.05070364424520066,0.10060594515329083,-0.08177692671674158,-0.10246382028307605,0.005207664078458396,-0.16666666666666666,0.1513671875,1.0423342069445674,0.9916305626993664
league_specific,200,all,ALL,sxsv,12,6,-0.036398532085960396,0.044581152000860554,-0.02285430352032991,-0.06079801893858272,-0.01349089112630997,-0.8333333333333334,0.01220703125,1.0576045778524266,1.021206045766466
league_specific,200,all,ALL,smoe,12,6,-0.0009006360098661745,0.03228061707596455,-0.009360877553859791,-0.01640742672818402,0.01840047806865966,-0.16666666666666666,0.6220703125,-0.007470727381497709,-0.008371363391363884
league_specific,200,all,ALL,three_rate,12,6,0.08986930316549308,0.1323311692823243,0.1237110816045158,0.016239229274954973,0.1568868003306983,0.5,0.0341796875,0.4467870937547686,0.5366563969202617
league_specific,200,all,ALL,mean_dist,12,6,0.5871042405505019,0.7311112221857173,0.7913602826750417,0.17681116463941196,0.9750436494756518,0.5,0.01611328125,4.6551337509421,5.242237991492602
league_specific,200,all,ALL,pps_over_sxsv,12,6,-0.01430511215924026,0.07560761664855058,-0.03683540331682411,-0.05281264790386662,0.029708010171991185,-0.16666666666666666,0.38037109375,-0.01527037090785944,-0.0295754830670997
league_specific,200,all,EL_to_NBA,efg,10,6,-0.038067605744263724,0.04279593187793563,-0.04838260556016738,-0.06264216580892423,-0.012783249604561094,-0.4,0.02734375,0.5335764473426635,0.49550884159839975
league_specific,200,all,EL_to_NBA,pps,10,6,-0.07613521148852745,0.08559186375587126,-0.09676521112033476,-0.12528433161784847,-0.025566499209122188,-0.4,0.02734375,1.067152894685327,0.9910176831967995
league_specific,200,all,EL_to_NBA,sxsv,10,6,-0.0374472506887206,0.04834147786890346,-0.02285430352032991,-0.06702833730340152,-0.009886728025221543,-0.8,0.037109375,1.065773655622388,1.0283264049336673
league_specific,200,all,EL_to_NBA,smoe,10,6,-0.011404498843918276,0.01910041705202738,-0.0174066907761997,-0.022136211258055795,0.00012673803169341562,-0.4,0.130859375,-0.00030672163514084485,-0.011711220479059122
league_specific,200,all,EL_to_NBA,three_rate,10,6,0.08702951953667157,0.14578344423934503,0.15180420094443667,-0.0021726815060774756,0.1714556246738952,0.4,0.083984375,0.4487353450965549,0.5357648646332265
league_specific,200,all,EL_to_NBA,mean_dist,10,6,0.6259320296456423,0.7844404969342216,0.880984411319413,0.14374031763432837,1.0738992593103664,0.4,0.02734375,4.622243270210225,5.248175299855867
league_specific,200,all,EL_to_NBA,pps_over_sxsv,10,6,-0.03868796079980685,0.05200351620596067,-0.05673501682495713,-0.06806934711710459,-0.006969143624357639,-0.4,0.048828125,0.0013792390629387863,-0.03730872173686807
